Date/Time,Step Count (steps),Active Energy (kcal),Resting Energy (kcal),Apple Exercise Time (min),Apple Stand Time (min),Walking + Running Distance (mi),Flights Climbed (count),VO2 Max (ml/(kg·min)),Sleep Analysis [Total] (hr),Sleep Analysis [Asleep] (hr),Sleep Analysis [In Bed] (hr),Sleep Analysis [Core] (hr),Sleep Analysis [Deep] (hr),Sleep Analysis [REM] (hr),Sleep Analysis [Awake] (hr),Resting Heart Rate (bpm),Heart Rate Variability (ms),Respiratory Rate (count/min),Blood Oxygen Saturation (%),Walking Heart Rate Average (bpm),Heart Rate [Avg] (bpm),Heart Rate [Min] (bpm),Heart Rate [Max] (bpm),Apple Sleeping Wrist Temperature (ºF),Alcohol Consumption (count),Dietary Energy (kcal),Protein (g)
2025-11-27,7801,776.5,2042,16,183,3.22,7,43.88,7.43,0,8.28,3.98,1.18,2.27,0.85,64,67.06,14.09,98.08,96,85.6,48,137,97.68,0,9999,999
2025-11-28,12570,1078.2,2021,39,165,5.12,2,43.29,6.44,0,6.73,3.11,1.27,2.07,0.29,66,46.25,14.45,98.36,90,87.2,56,156,98.3,2,9999,999
2025-11-29,9566,815.4,1979,47,182,4.38,11,43.01,7.6,0,7.98,4.69,0.97,1.94,0.38,63,52.62,14.7,96.74,105,82.2,51,150,97.38,4,9999,999
2025-11-30,5852,621.3,2047,9,176,2.75,10,43.56,7.03,0,7.36,3.81,1.26,1.97,0.33,64,51.06,15.14,97.47,97,87.4,52,155,97.6,0,9999,999
2025-12-01,16291,1169.0,2019,59,142,7.27,8,42.96,7.32,0,7.77,3.74,1.55,2.02,0.45,65,58.91,14.26,97.26,93,89.5,53,170,97.82,0,9999,999
2025-12-02,7039,645.3,2011,1,174,3.35,0,44.08,7.4,0,7.93,4.56,0.98,1.86,0.53,64,67.49,14.18,96.95,98,84.9,54,141,97.55,0,9999,999
2025-12-03,6047,673.9,2092,41,188,2.62,1,43.77,,0,8.5,4.59,1.34,2.34,0.23,59,57.91,14.27,96.63,97,90.9,49,180,98.01,0,9999,999
2025-12-04,8100,716.2,2046,36,157,3.41,7,43.86,7.61,0,7.81,4.88,1.04,1.69,0.21,59,70.14,15.06,96.92,96,85.5,49,151,97.41,0,9999,999
2025-12-05,12367,916.7,2096,20,152,5.82,2,43.91,8.1,0,8.43,5.28,1.0,1.82,0.33,61,55.55,14.71,96.65,97,83.1,51,146,97.61,1,9999,999
2025-12-06,11625,1156.1,2027,60,152,5.37,5,43.27,8.64,0,9.48,5.56,1.2,1.87,0.85,61,68.09,15.43,97.14,98,81.0,53,140,97.43,2,9999,999
2025-12-07,9899,967.3,2042,17,115,4.56,1,43.33,8.34,0,8.96,5.03,0.94,2.37,0.62,56,53.07,15.17,96.86,102,76.0,42,137,97.58,0,9999,999
2025-12-08,11524,1009.2,2042,42,205,4.98,5,42.41,8.39,0,9.15,5.3,1.22,1.87,0.76,58,73.74,14.69,95.46,99,74.7,47,170,97.68,0,9999,999
2025-12-09,8474,795.3,1960,10,133,3.86,10,43.31,7.32,0,7.57,4.4,1.17,1.74,0.26,62,61.4,15.43,97.6,96,90.9,50,150,97.36,0,9999,999
2025-12-10,9069,741.1,2036,35,175,4.02,4,43.0,7.43,0,7.96,4.87,0.7,1.86,0.53,64,67.51,15.12,98.34,98,83.5,56,160,97.17,0,9999,999
2025-12-11,9785,849.4,2003,21,164,4.54,0,43.67,8.02,0,8.42,5.45,1.22,1.35,0.4,61,61.69,13.69,95.84,90,78.9,50,139,97.4,0,9999,999
2025-12-12,10249,876.1,1992,33,160,4.69,5,43.25,8.51,0,8.99,5.71,1.06,1.74,0.48,60,66.21,14.97,95.95,102,81.8,50,155,97.28,0,9999,999
2025-12-13,10158,899.2,2046,45,134,4.42,17,43.66,7.03,0,7.52,3.82,1.0,2.21,0.49,62,59.84,14.28,97.07,98,82.9,51,157,97.4,0,9999,999
2025-12-14,9763,899.0,1987,18,159,4.54,5,42.89,7.88,0,8.14,5.25,0.9,1.73,0.26,60,77.16,15.48,97.28,96,76.9,50,145,97.28,0,9999,999
2025-12-15,12788,1032.4,1988,28,168,5.63,3,42.79,8.07,0,8.55,5.71,1.0,1.37,0.48,62,58.87,14.31,96.34,103,83.5,51,160,97.66,0,9999,999
2025-12-16,9907,902.6,1988,8,140,4.39,0,43.08,9.01,0,9.2,6.2,1.26,1.55,0.19,56,70.67,15.52,97.21,102,73.4,43,133,97.46,0,9999,999
2025-12-17,10228,1024.3,2062,60,147,4.67,9,43.23,7.27,0,7.54,4.03,0.95,2.29,0.28,62,51.77,15.6,96.71,98,87.9,53,160,97.94,0,9999,999
2025-12-18,5655,760.4,1983,12,163,2.59,1,43.44,8.36,0,8.6,5.39,1.01,1.96,0.24,61,72.21,15.14,96.77,106,88.2,49,150,97.35,0,9999,999
2025-12-19,11176,1018.1,2053,48,128,4.86,11,44.37,7.74,0,8.33,4.87,1.18,1.69,0.58,61,72.06,14.75,97.33,104,82.7,51,156,97.41,1,9999,999
2025-12-20,8532,959.4,1984,35,159,3.72,4,43.74,,0,7.67,4.14,0.9,2.17,0.47,63,58.25,14.68,97.41,100,87.3,51,169,97.7,4,9999,999
2025-12-21,14307,1060.4,2030,31,164,6.54,11,43.7,7.04,0,7.21,4.08,0.93,2.03,0.17,64,61.82,14.94,97.0,93,81.6,52,164,97.41,0,9999,999
2025-12-22,8341,693.5,2068,23,156,3.61,9,44.08,7.51,0,8.08,4.67,1.07,1.77,0.57,60,57.92,14.23,97.12,95,89.6,51,155,97.25,0,9999,999
2025-12-23,11458,889.8,2039,4,217,5.39,15,43.76,7.22,0,7.51,4.59,1.0,1.63,0.29,64,53.51,15.25,96.92,104,83.4,52,136,97.0,0,9999,999
2025-12-24,14718,1248.2,2011,42,158,6.84,2,43.38,7.71,0,7.95,4.88,0.99,1.85,0.24,61,65.26,15.03,97.47,106,85.2,47,143,97.4,0,9999,999
2025-12-25,8480,872.4,2041,18,179,3.81,10,43.83,7.76,0,8.24,4.52,1.42,1.81,0.48,59,63.37,15.44,97.98,100,79.8,46,149,97.81,0,9999,999
2025-12-26,10596,934.3,2042,56,173,4.8,9,43.33,7.58,0,8.09,5.07,0.83,1.68,0.51,62,50.98,16.24,95.35,96,87.5,52,162,97.7,2,9999,999
2025-12-27,13799,1027.4,2055,64,179,6.05,7,43.68,7.52,0,7.85,4.89,0.77,1.87,0.33,58,75.71,15.51,97.59,96,86.8,50,175,97.07,2,9999,999
2025-12-28,5973,649.4,2020,27,112,2.8,8,43.51,6.55,0,7.16,3.53,1.11,1.92,0.61,62,53.34,14.86,96.82,93,87.5,53,144,97.03,0,9999,999
2025-12-29,9011,968.5,1999,61,156,4.06,9,44.53,8.13,0,8.55,5.57,1.23,1.32,0.42,63,56.41,15.66,96.34,99,80.0,53,159,97.88,0,9999,999
2025-12-30,7913,713.1,2086,17,167,3.58,1,44.74,7.17,0,7.7,4.04,1.15,1.98,0.53,63,63.24,14.64,96.86,99,86.0,50,147,97.19,0,9999,999
2025-12-31,8069,895.4,2091,32,180,3.6,10,43.38,6.95,0,7.28,3.73,0.82,2.4,0.33,62,58.64,14.71,97.17,100,88.4,50,158,96.97,0,9999,999
2026-01-01,6144,406.2,2049,0,185,2.65,13,44.97,7.03,0,7.38,3.84,1.15,2.04,0.35,60,65.49,13.93,97.75,102,78.9,51,138,97.12,0,9999,999
2026-01-02,10445,803.9,2044,13,141,4.63,9,43.88,7.13,0,7.34,3.76,1.47,1.9,0.21,61,59.58,15.17,96.93,101,82.6,49,148,96.84,0,9999,999
2026-01-03,10742,986.1,2066,63,148,4.56,7,44.28,5.89,0,6.25,3.13,0.83,1.92,0.36,66,68.73,14.41,96.26,100,83.5,55,167,97.9,3,9999,999
2026-01-04,3436,624.8,2035,7,169,1.68,4,43.4,7.8,0,8.33,4.53,0.66,2.61,0.52,58,73.85,15.84,97.98,97,84.9,46,139,97.15,0,9999,999
2026-01-05,7966,759.4,1970,44,147,3.62,13,44.13,7.38,0,7.86,4.54,0.82,2.01,0.48,62,57.98,15.81,97.25,100,81.7,50,172,97.97,0,9999,999
2026-01-06,8192,824.6,2005,19,132,3.62,5,43.89,,0,7.69,4.08,1.21,1.88,0.52,62,59.36,14.92,96.61,100,81.0,52,137,96.89,0,9999,999
2026-01-07,10828,1171.3,2063,48,172,4.8,15,44.68,7.99,0,8.2,4.78,0.82,2.39,0.21,61,59.48,14.92,96.56,101,78.6,50,165,97.35,0,9999,999
2026-01-08,10419,887.5,1993,8,118,4.9,11,43.92,7.7,0,8.25,4.85,0.65,2.19,0.55,61,58.84,15.44,96.1,95,87.1,49,146,97.21,0,9999,999
2026-01-09,8838,1009.9,2054,66,163,4.21,7,44.1,6.43,0,6.9,3.72,0.98,1.72,0.47,62,58.6,14.54,97.29,94,77.7,49,160,97.41,2,9999,999
2026-01-10,3794,639.6,2076,48,146,1.66,6,44.39,7.58,0,8.09,4.62,1.03,1.92,0.51,59,58.24,13.89,97.62,109,83.4,49,165,97.27,0,9999,999
2026-01-11,7432,633.8,2038,19,169,3.38,14,43.82,6.8,0,7.31,3.09,1.42,2.29,0.51,61,62.21,14.9,97.37,96,88.7,50,147,97.22,0,9999,999
2026-01-12,6035,755.5,1983,51,129,2.75,0,44.3,7.26,0,7.8,4.55,0.74,1.96,0.55,61,61.28,15.3,97.79,101,79.1,50,176,98.07,0,9999,999
2026-01-13,6883,733.0,1986,17,158,3.26,2,44.02,8.38,0,8.97,5.37,0.98,2.03,0.59,58,87.55,15.0,97.52,96,83.7,45,158,97.22,0,9999,999
2026-01-14,7250,832.1,2036,22,139,3.23,6,43.98,7.54,0,7.98,4.58,1.48,1.48,0.43,61,53.06,14.23,96.22,102,80.6,51,155,97.52,0,9999,999
2026-01-15,6100,710.2,2013,4,159,2.93,3,42.99,7.53,0,7.91,4.56,1.29,1.68,0.38,60,64.2,15.33,97.31,104,78.9,50,143,97.1,0,9999,999
2026-01-16,8915,971.7,2061,57,147,3.79,8,43.17,7.71,0,8.22,4.91,0.79,2.01,0.52,63,59.02,14.69,97.42,100,89.9,51,171,97.46,1,9999,999
2026-01-17,12903,1140.2,2038,65,179,5.72,1,43.8,7.51,0,8.14,4.97,1.14,1.4,0.63,61,56.89,15.85,96.4,96,78.1,46,180,97.27,2,9999,999
2026-01-18,7684,640.2,2035,21,141,3.35,10,43.91,7.49,0,7.9,4.41,0.83,2.25,0.41,60,64.4,14.78,96.5,90,76.3,47,162,97.63,0,9999,999
2026-01-19,12203,1118.4,2089,35,139,5.52,7,43.32,7.81,0,8.0,5.13,0.96,1.72,0.19,60,61.76,15.56,96.88,102,85.0,49,162,96.88,0,9999,999
2026-01-20,4241,675.8,1979,29,156,1.94,13,43.72,8.21,0,8.59,5.34,1.05,1.82,0.38,59,77.45,14.63,96.24,93,83.7,49,146,97.56,0,9999,999
2026-01-21,9487,988.8,2053,56,159,4.29,11,43.51,8.4,0,8.75,5.58,1.09,1.73,0.35,61,69.75,15.4,96.14,95,81.8,51,166,97.21,0,9999,999
2026-01-22,8002,759.2,2062,16,141,3.47,16,44.52,6.97,0,7.4,4.3,1.23,1.43,0.44,60,49.92,14.93,97.39,96,75.8,48,164,97.43,0,9999,999
2026-01-23,12205,1098.9,2075,45,150,5.66,8,43.49,,0,7.57,4.61,0.67,1.88,0.4,60,56.05,14.22,97.08,99,82.8,48,179,97.87,0,9999,999
2026-01-24,6313,766.5,2036,47,162,2.68,10,43.47,7.38,0,7.55,4.28,1.57,1.53,0.17,59,67.04,14.13,97.14,95,85.0,49,158,98.03,3,9999,999
2026-01-25,5021,383.4,2041,12,188,2.38,12,43.11,8.33,0,8.63,5.91,0.86,1.56,0.29,61,51.32,15.5,97.65,102,78.5,51,139,98.05,0,9999,999
2026-01-26,5736,686.8,2095,35,135,2.26,2,43.32,6.92,0,7.47,4.03,1.14,1.76,0.55,62,53.59,14.05,97.06,100,82.7,50,174,97.43,0,9999,999
2026-01-27,10325,833.8,2021,23,126,4.55,6,44.03,7.98,0,8.26,5.25,1.36,1.37,0.28,61,66.89,16.11,96.82,93,87.3,48,159,97.54,0,9999,999
2026-01-28,10142,1102.8,1993,62,104,4.4,8,43.97,8.45,0,8.97,5.24,1.37,1.83,0.52,58,74.61,14.27,97.66,98,70.5,50,181,98.48,0,9999,999
2026-01-29,10610,892.5,1982,21,175,4.59,10,44.19,7.55,0,7.89,4.51,1.25,1.8,0.34,63,75.47,15.37,96.8,99,84.2,52,156,96.89,0,9999,999
2026-01-30,12663,970.0,2028,61,125,6.11,13,44.4,6.77,0,7.48,4.14,0.96,1.67,0.71,61,63.39,14.32,97.47,108,81.6,51,177,97.72,1,9999,999
2026-01-31,7776,772.5,2048,53,171,3.38,5,43.66,7.73,0,8.24,5.01,0.73,1.99,0.5,60,66.33,15.56,96.61,100,75.6,48,168,97.09,4,9999,999
2026-02-01,12560,1042.4,2029,21,197,5.58,4,43.85,7.45,0,7.84,4.53,1.09,1.83,0.38,64,61.42,15.25,96.95,98,87.7,51,147,97.26,0,9999,999
2026-02-02,14857,1113.8,2025,70,106,6.58,11,43.41,7.77,0,8.12,4.5,1.06,2.21,0.35,63,61.26,14.84,96.56,100,79.8,50,184,97.65,0,9999,999
2026-02-03,10890,882.7,2039,22,106,4.81,7,44.57,8.24,0,8.86,5.68,1.29,1.26,0.63,65,65.57,15.66,98.1,95,75.4,55,155,96.77,0,9999,999
2026-02-04,13374,1102.2,2074,49,160,6.05,12,43.76,7.34,0,7.77,4.16,1.09,2.09,0.43,63,63.56,15.35,97.29,102,84.4,51,167,97.72,1,9999,999
2026-02-05,8370,748.8,2026,0,141,3.97,7,43.99,7.38,0,7.73,5.45,0.63,1.3,0.35,62,61.89,15.23,96.84,106,81.5,53,148,97.44,0,9999,999
2026-02-06,8548,851.7,2101,51,211,3.95,5,43.37,8.17,0,8.59,5.18,1.19,1.79,0.42,62,66.49,14.55,97.02,96,83.0,50,165,97.69,2,9999,999
2026-02-07,7015,857.3,2003,59,171,3.12,12,43.68,7.85,0,8.26,5.29,1.07,1.48,0.42,57,75.89,14.67,96.53,90,79.6,45,152,97.07,0,9999,999
2026-02-08,8852,719.2,2061,11,125,3.76,8,44.25,7.39,0,7.87,5.28,0.93,1.18,0.47,60,68.83,15.18,97.11,100,78.4,52,152,97.45,0,9999,999
2026-02-09,6645,913.6,2051,66,145,2.92,1,43.71,,0,7.89,5.55,0.9,1.16,0.28,65,60.63,14.48,96.9,100,88.7,54,155,97.96,0,9999,999
2026-02-10,8894,796.3,2063,0,143,4.02,4,44.87,7.74,0,8.26,5.17,0.58,2.0,0.52,58,63.52,15.06,97.14,95,80.8,47,153,97.18,0,9999,999
2026-02-11,7527,871.9,2038,37,195,3.28,19,44.63,7.12,0,7.36,4.31,1.03,1.78,0.25,62,68.19,15.27,97.37,97,78.5,49,160,97.07,0,9999,999
2026-02-12,10226,945.8,2007,24,166,4.45,4,43.61,8.04,0,8.33,5.31,1.02,1.71,0.29,61,63.53,15.21,97.0,99,84.3,50,155,97.3,0,9999,999
2026-02-13,9828,933.8,2082,45,159,4.0,9,43.69,7.76,0,8.37,4.29,1.54,1.93,0.61,62,63.53,15.08,97.39,97,83.6,53,162,97.79,0,9999,999
2026-02-14,10366,1012.2,2087,43,140,4.88,14,44.6,7.44,0,7.79,4.37,1.17,1.9,0.35,63,58.49,15.87,97.31,95,84.8,53,167,97.95,3,9999,999
2026-02-15,9956,877.9,2039,11,171,4.57,9,44.3,8.2,0,8.56,5.65,0.88,1.66,0.36,64,73.31,14.55,97.58,98,78.8,51,161,97.58,0,9999,999
2026-02-16,12138,974.7,2025,35,189,5.14,10,44.37,7.8,0,8.29,5.26,0.76,1.78,0.48,61,68.34,15.33,98.09,103,80.1,51,150,98.24,0,9999,999
2026-02-17,7818,731.1,2084,0,110,3.54,12,44.65,6.84,0,7.19,3.63,0.8,2.41,0.35,58,61.86,14.59,98.02,92,72.9,46,126,97.6,0,9999,999
2026-02-18,6398,800.7,2030,54,177,2.98,11,43.39,8.65,0,8.79,5.79,0.93,1.93,0.14,59,65.44,14.51,97.69,93,77.1,47,163,98.21,0,9999,999
2026-02-19,8109,788.5,2108,16,161,3.51,9,43.97,7.93,0,8.21,4.94,1.16,1.82,0.28,59,65.23,14.76,97.34,104,78.1,51,154,97.88,0,9999,999
2026-02-20,12240,968.4,2005,29,164,5.53,8,43.54,8.61,0,9.01,6.04,0.91,1.66,0.4,59,53.51,14.17,97.6,100,80.8,45,151,97.56,2,9999,999
2026-02-21,10595,1030.0,2022,42,134,4.53,5,44.55,7.8,0,8.46,5.08,0.91,1.81,0.67,62,83.39,15.04,96.48,99,86.3,52,153,97.94,4,9999,999
2026-02-22,12922,1039.5,2005,24,152,5.46,0,43.44,7.5,0,7.99,4.81,0.85,1.83,0.49,61,58.48,14.48,97.12,102,79.4,47,174,97.82,0,9999,999
2026-02-23,9349,777.9,2058,36,120,4.02,2,43.52,7.92,0,8.56,4.96,1.4,1.56,0.64,61,60.46,14.78,96.61,90,81.2,49,147,98.23,0,9999,999
2026-02-24,10336,916.9,2026,22,186,4.55,8,44.06,7.94,0,8.46,4.9,1.21,1.83,0.52,57,69.19,14.91,98.32,98,71.5,48,140,98.34,0,9999,999
2026-02-25,14069,953.1,2014,41,134,6.21,11,43.77,7.62,0,7.8,5.07,0.91,1.64,0.18,61,71.58,15.98,97.06,105,90.8,50,145,98.34,0,9999,999
2026-02-26,9137,795.3,2066,26,142,4.15,4,44.33,,0,6.78,3.46,1.2,1.76,0.37,66,49.64,16.21,96.09,98,83.5,53,154,97.39,0,9999,999
2026-02-27,8716,1089.3,2078,73,185,3.78,12,43.73,7.97,0,8.26,5.03,0.92,2.01,0.29,58,65.83,15.12,97.01,93,78.9,48,169,97.5,1,9999,999
2026-02-28,11381,1025.3,2028,70,148,5.09,0,44.48,8.03,0,8.39,5.54,0.8,1.69,0.36,65,60.98,14.9,97.47,107,89.5,54,161,97.78,2,9999,999
2026-03-01,7722,663.0,2060,0,127,3.46,9,44.75,8.26,0,8.4,5.62,0.86,1.78,0.14,60,78.96,14.05,97.08,98,76.4,52,129,97.31,0,9999,999
2026-03-02,8266,783.8,2100,71,204,3.82,7,44.01,7.23,0,7.71,4.52,0.94,1.78,0.48,61,69.6,15.39,97.54,96,85.3,49,162,97.78,0,9999,999
2026-03-03,5661,665.5,2063,37,191,2.19,0,44.01,7.59,0,8.03,4.72,0.73,2.14,0.44,60,71.13,15.23,97.08,92,80.6,50,175,97.49,0,9999,999
2026-03-04,6153,674.6,2005,31,143,2.96,0,43.96,7.14,0,7.61,3.95,1.05,2.14,0.46,64,51.76,14.53,96.59,96,84.7,49,162,97.75,0,9999,999
2026-03-05,7939,813.8,1985,43,172,3.29,4,43.78,7.55,0,7.9,4.66,1.25,1.64,0.35,64,57.33,15.64,96.96,92,86.1,54,148,96.98,0,9999,999
2026-03-06,15802,1236.3,2044,53,126,6.89,4,43.72,6.71,0,6.92,3.12,1.19,2.4,0.21,65,56.04,13.69,97.0,103,94.1,54,152,98.28,0,9999,999
2026-03-07,6033,802.7,2056,56,169,2.43,6,44.18,7.88,0,8.56,5.4,1.07,1.41,0.68,64,55.59,15.0,97.42,94,84.0,56,166,97.51,0,9999,999
2026-03-08,6695,751.5,2031,0,171,3.01,13,44.0,8.08,0,8.49,5.41,1.4,1.27,0.42,59,65.6,14.4,96.66,92,79.4,47,136,97.93,0,9999,999
2026-03-09,6991,782.5,2051,56,184,3.27,6,44.59,6.47,0,6.92,3.32,1.27,1.88,0.45,59,66.93,15.28,97.58,93,85.3,46,167,97.87,0,9999,999
2026-03-10,10597,886.0,2049,5,127,4.57,10,44.64,7.41,0,7.62,4.45,1.05,1.91,0.21,58,59.74,15.58,97.82,97,86.8,50,150,97.84,0,9999,999
2026-03-11,11461,1032.8,2076,47,114,5.02,17,43.9,7.36,0,7.65,4.53,1.22,1.6,0.3,61,59.24,14.65,98.24,101,82.2,48,160,96.96,0,9999,999
2026-03-12,7527,668.6,2059,5,199,3.35,0,44.41,7.91,0,8.54,4.61,1.33,1.98,0.62,63,48.45,15.63,97.56,99,84.5,51,138,98.06,0,9999,999
2026-03-13,10539,911.9,2117,44,163,4.77,14,44.34,6.96,0,7.53,3.52,1.26,2.18,0.57,64,54.39,15.67,97.17,103,85.6,52,173,97.49,1,9999,999
2026-03-14,10374,819.9,2052,5,177,4.68,0,45.11,7.04,0,7.44,4.2,0.86,1.99,0.4,62,57.37,15.59,97.19,100,85.2,50,132,96.84,4,9999,999
2026-03-15,6027,667.0,2053,13,180,2.46,4,44.27,,0,7.91,4.87,1.07,1.54,0.43,64,77.07,15.62,96.54,93,84.2,53,147,97.49,0,9999,999
2026-03-16,11893,1113.2,2057,70,149,5.09,4,43.84,6.94,0,7.33,4.67,0.99,1.29,0.39,66,50.35,14.48,96.67,100,86.3,54,180,97.44,0,9999,999
2026-03-17,9340,923.8,1997,16,158,4.23,3,44.25,7.61,0,8.15,4.53,1.23,1.85,0.54,61,52.84,14.4,97.63,103,82.3,50,131,97.69,0,9999,999
2026-03-18,9727,1064.0,2090,44,116,4.45,9,43.87,7.24,0,7.65,4.41,0.95,1.88,0.41,61,57.44,16.32,98.04,104,79.8,51,145,97.4,0,9999,999
2026-03-19,7495,773.4,2134,38,150,3.13,14,43.88,7.48,0,7.86,4.29,1.33,1.86,0.38,62,72.71,15.03,98.52,100,76.9,52,167,97.95,0,9999,999
2026-03-20,9026,960.7,2060,56,182,4.01,9,43.84,7.98,0,8.29,4.71,1.14,2.13,0.31,63,56.07,15.85,97.51,104,80.2,56,180,97.41,2,9999,999
2026-03-21,8910,929.2,2058,59,170,3.72,11,44.02,9.08,0,9.73,6.06,1.03,1.98,0.65,57,85.8,15.51,97.73,108,78.2,44,185,97.82,2,9999,999
2026-03-22,7092,746.0,2037,3,112,3.24,9,44.13,7.38,0,7.79,5.42,0.67,1.3,0.41,62,65.19,15.14,96.97,95,85.7,51,150,96.69,0,9999,999
2026-03-23,8867,938.4,2075,37,158,3.96,3,44.47,8.17,0,8.51,5.17,1.32,1.68,0.34,59,69.11,15.73,96.67,92,79.4,48,161,97.6,0,9999,999
2026-03-24,10854,976.6,2041,32,175,4.75,5,44.45,7.74,0,8.27,4.29,1.41,2.04,0.53,61,66.12,15.11,96.46,96,81.7,50,163,97.51,0,9999,999
2026-03-25,11088,907.4,1995,44,165,4.73,9,44.49,8.12,0,8.68,5.39,1.04,1.7,0.56,59,49.57,15.83,96.81,105,81.6,45,143,96.83,0,9999,999
2026-03-26,8421,865.1,2097,0,169,3.8,11,44.56,7.71,0,8.2,4.73,1.25,1.73,0.5,64,59.13,16.75,97.29,97,90.4,55,153,97.68,0,9999,999
2026-03-27,11291,1039.2,2060,47,142,5.21,13,44.73,7.8,0,8.11,5.54,0.71,1.55,0.31,62,69.88,14.47,97.44,105,83.6,49,149,97.31,0,9999,999
2026-03-28,10132,905.2,1965,39,185,4.37,3,44.71,7.79,0,8.34,4.84,1.31,1.63,0.56,59,66.91,14.61,95.69,101,81.5,49,176,97.61,3,9999,999
2026-03-29,7790,683.0,2065,20,126,3.02,15,43.43,6.61,0,7.04,3.38,0.98,2.25,0.44,60,66.81,14.77,98.04,94,83.5,51,141,97.66,0,9999,999
2026-03-30,9375,880.0,2015,48,141,3.94,14,43.89,7.95,0,8.33,5.1,0.98,1.86,0.38,60,61.41,14.5,96.08,93,81.4,51,156,97.76,0,9999,999
2026-03-31,8932,838.7,2027,30,164,4.17,5,44.49,8.69,0,8.79,5.36,0.99,2.35,0.1,60,58.36,14.65,97.19,95,81.6,51,163,97.22,0,9999,999
2026-04-01,7276,901.4,2070,72,155,3.31,2,44.47,,0,7.76,4.14,0.99,2.02,0.62,57,71.79,15.04,97.72,104,80.0,45,181,97.22,0,9999,999
2026-04-02,6518,778.3,2094,19,99,2.72,3,44.81,8.16,0,8.54,5.7,1.0,1.46,0.38,58,80.4,15.18,97.51,100,78.2,45,140,97.49,0,9999,999
2026-04-03,10729,1098.3,1997,54,167,5.12,5,43.83,8.0,0,8.22,5.09,1.28,1.64,0.22,67,50.43,14.93,97.5,93,80.8,56,146,98.11,2,9999,999
2026-04-04,11059,1044.2,2063,65,152,4.97,12,43.87,7.3,0,7.87,4.78,0.71,1.81,0.57,64,65.29,15.09,95.59,96,83.8,54,184,97.99,0,9999,999
2026-04-05,11118,1010.0,2026,11,168,5.28,14,44.54,8.33,0,8.74,5.5,0.97,1.87,0.41,65,73.77,14.87,95.98,98,87.0,57,157,96.9,0,9999,999
2026-04-06,12346,1134.2,2019,64,157,5.8,0,43.9,7.11,0,7.27,4.45,0.88,1.78,0.16,66,57.28,15.13,97.45,98,90.4,54,168,97.43,0,9999,999
2026-04-07,8329,818.8,2000,19,113,3.78,5,44.5,7.24,0,7.52,4.71,0.71,1.82,0.28,60,61.52,15.76,98.47,96,70.9,52,137,98.09,0,9999,999
2026-04-08,9917,1084.7,2019,82,144,4.44,12,44.24,6.81,0,7.22,3.84,0.73,2.24,0.41,62,51.47,15.76,99.5,105,83.4,52,154,97.68,0,9999,999
2026-04-09,2800,529.1,2074,27,168,1.43,5,44.64,6.83,0,7.29,3.47,1.11,2.25,0.46,62,61.51,14.49,96.63,99,76.0,53,153,97.84,0,9999,999
2026-04-10,11421,1010.2,2013,36,155,5.09,8,44.4,8.05,0,8.46,5.0,1.33,1.72,0.41,57,75.03,15.19,95.94,101,84.8,41,156,97.0,1,9999,999
2026-04-11,7124,842.5,2008,43,115,3.24,4,44.26,8.73,0,9.42,5.9,1.05,1.78,0.69,57,58.47,14.91,97.8,99,78.6,44,161,97.07,2,9999,999
2026-04-12,11977,1154.9,2019,21,127,5.25,13,44.99,7.61,0,7.96,5.51,0.76,1.35,0.35,64,63.4,15.26,97.58,100,85.7,57,153,97.41,0,9999,999
2026-04-13,13777,1017.5,2007,46,192,6.44,8,44.29,7.21,0,7.74,4.46,1.14,1.61,0.54,65,57.15,14.75,97.26,100,83.1,49,163,97.48,0,9999,999
2026-04-14,8694,776.4,2045,14,168,3.89,0,44.41,7.3,0,7.83,4.44,0.97,1.9,0.53,63,68.3,15.62,99.21,95,78.1,51,134,97.28,0,9999,999
2026-04-15,8801,883.8,1998,39,166,3.74,10,44.75,7.78,0,8.24,5.07,1.18,1.53,0.46,61,68.0,14.31,97.51,101,82.2,48,170,97.72,0,9999,999
2026-04-16,6684,719.8,2094,22,199,3.04,10,45.1,7.75,0,8.29,4.81,1.01,1.93,0.54,54,90.47,14.85,97.37,100,73.7,43,141,97.15,0,9999,999
2026-04-17,6726,875.8,2008,57,161,2.97,7,44.82,8.06,0,8.49,5.28,1.15,1.62,0.44,63,67.47,15.06,97.08,91,82.4,52,185,97.87,0,9999,999
2026-04-18,8997,829.0,2056,22,115,4.05,18,44.86,,0,7.87,4.38,1.11,1.82,0.56,63,52.28,15.61,98.33,96,89.9,54,155,96.92,3,9999,999
2026-04-19,9346,801.4,2069,11,155,4.31,12,44.31,6.34,0,6.75,3.0,1.33,2.18,0.4,63,60.68,15.55,98.73,95,87.4,51,157,97.65,0,9999,999
2026-04-20,13512,1178.1,2063,52,172,6.07,13,44.75,7.39,0,7.89,4.37,1.06,1.96,0.5,63,68.53,14.76,96.51,92,85.8,51,146,97.46,0,9999,999
2026-04-21,8026,710.7,2037,0,178,3.59,11,44.64,6.5,0,6.96,3.68,0.74,2.08,0.46,60,72.42,15.22,95.67,101,83.0,47,147,97.87,0,9999,999
2026-04-22,9471,953.2,2040,56,75,4.2,6,44.45,7.36,0,7.67,4.9,0.91,1.54,0.31,61,65.7,15.54,96.91,99,78.6,49,180,97.55,0,9999,999
2026-04-23,5061,673.6,2141,4,121,2.42,8,44.97,7.07,0,7.55,4.06,0.97,2.03,0.49,63,55.21,14.72,97.16,85,83.4,53,134,97.71,0,9999,999
2026-04-24,15029,1025.7,2010,26,163,6.97,0,44.12,8.28,0,8.75,5.17,0.87,2.24,0.46,58,79.53,14.79,97.67,105,79.9,49,152,98.23,1,9999,999
2026-04-25,11801,1149.1,2061,40,171,5.07,7,44.28,7.89,0,8.27,4.92,1.41,1.56,0.38,59,80.75,15.29,97.52,94,80.5,48,178,97.77,4,9999,999
2026-04-26,7167,524.0,2031,13,125,2.84,9,44.11,7.74,0,8.01,4.77,1.0,1.97,0.26,61,61.26,14.77,97.34,99,79.6,49,154,97.17,0,9999,999
2026-04-27,10700,895.0,2015,38,158,4.7,11,44.76,7.48,0,7.99,4.38,0.87,2.23,0.51,66,59.02,16.58,97.7,106,86.3,58,144,97.88,0,9999,999
2026-04-28,7636,855.4,1977,7,149,3.69,4,44.56,7.42,0,8.32,4.1,1.03,2.29,0.9,62,59.84,14.7,97.62,99,79.0,52,160,97.32,0,9999,999
2026-04-29,7365,787.4,2098,60,151,3.14,10,45.03,7.92,0,8.22,3.99,1.23,2.7,0.31,59,57.18,15.47,96.99,91,75.7,46,167,97.47,0,9999,999
2026-04-30,7160,699.9,1959,0,181,2.88,7,43.91,7.84,0,8.34,4.84,1.2,1.8,0.5,61,77.66,15.54,97.26,98,81.2,49,155,97.16,0,9999,999
2026-05-01,12755,1063.3,2041,44,167,5.52,6,44.57,7.39,0,7.8,4.27,1.09,2.02,0.41,60,52.34,14.91,95.91,107,74.5,48,147,97.28,2,9999,999
2026-05-02,12769,1121.1,2050,51,163,5.58,5,44.62,7.56,0,8.04,5.09,0.93,1.53,0.48,61,58.24,15.68,97.28,96,82.7,55,173,97.79,0,9999,999
2026-05-03,7731,677.2,1972,0,160,3.52,3,43.97,8.36,0,8.78,5.77,0.74,1.85,0.42,59,68.38,15.94,96.52,98,75.8,50,155,97.73,0,9999,999
2026-05-04,8723,812.0,2037,40,159,4.41,21,44.77,6.89,0,7.34,3.13,1.36,2.4,0.45,65,41.62,15.57,97.58,96,80.3,53,183,96.91,0,9999,999
2026-05-05,8316,825.3,2079,15,130,3.71,7,44.35,,0,8.22,4.99,1.09,1.96,0.18,60,57.77,15.89,96.79,100,81.3,48,156,97.53,0,9999,999
2026-05-06,10671,907.8,2055,39,149,4.88,18,45.22,7.96,0,8.39,5.34,0.89,1.74,0.42,58,79.39,15.23,97.6,97,79.9,47,168,97.62,0,9999,999
2026-05-07,8911,689.4,1996,15,175,4.36,10,43.66,7.63,0,7.81,4.8,1.0,1.83,0.18,59,60.26,14.8,98.33,92,80.6,49,140,97.26,0,9999,999
2026-05-08,8526,935.5,1990,52,148,3.66,0,43.9,7.63,0,8.0,4.71,1.07,1.85,0.37,59,71.2,16.46,96.86,104,79.7,48,179,98.13,0,9999,999
2026-05-09,11057,995.7,2010,54,199,5.35,0,44.81,8.2,0,8.72,5.71,1.03,1.46,0.52,62,60.52,14.36,97.9,100,85.8,49,145,97.62,3,9999,999
2026-05-10,9331,887.3,2113,11,160,4.26,19,44.31,8.15,0,8.36,5.36,1.29,1.5,0.21,64,57.92,16.15,97.82,108,79.4,53,150,97.61,0,9999,999
2026-05-11,11380,941.9,2072,42,120,5.27,4,44.66,8.33,0,8.79,5.31,0.89,2.13,0.46,57,63.3,14.31,96.07,94,73.8,43,169,97.38,0,9999,999
2026-05-12,5802,593.4,1982,23,125,2.62,12,44.88,8.44,0,8.82,5.5,0.99,1.96,0.38,57,71.98,14.81,98.18,99,77.3,45,163,97.79,0,9999,999
2026-05-13,7458,907.9,2039,59,194,3.52,3,44.55,7.99,0,8.57,4.65,1.4,1.94,0.58,63,74.34,14.88,96.85,88,81.1,56,174,97.81,0,9999,999
2026-05-14,12276,938.2,2007,22,102,5.38,11,44.14,7.18,0,7.62,4.17,1.02,1.98,0.45,62,63.9,15.31,96.69,95,80.4,50,125,97.41,0,9999,999
2026-05-15,8907,963.8,2019,54,145,4.08,7,44.77,7.79,0,7.95,4.47,1.26,2.06,0.16,63,70.43,14.91,96.9,103,88.1,53,166,97.39,2,9999,999
2026-05-16,7968,853.9,2037,32,167,3.96,5,44.84,7.53,0,7.95,4.14,1.31,2.08,0.42,61,85.86,15.82,97.26,94,80.3,49,161,97.65,4,9999,999
2026-05-17,6565,604.6,2049,21,152,2.97,6,44.93,7.3,0,7.78,4.63,0.91,1.76,0.48,62,67.04,15.09,96.21,104,83.0,50,142,96.71,0,9999,999
2026-05-18,11185,736.2,1952,22,117,5.03,11,44.39,8.01,0,8.44,5.01,1.07,1.93,0.43,60,64.98,14.33,97.4,104,83.4,49,142,97.71,0,9999,999
2026-05-19,8142,652.3,2020,16,123,3.66,0,44.73,8.75,0,9.03,5.6,1.2,1.95,0.28,60,65.44,13.81,97.14,91,79.7,50,151,97.26,0,9999,999
2026-05-20,6882,895.9,2021,63,163,2.98,12,45.58,7.95,0,8.59,5.14,0.91,1.9,0.64,59,64.69,14.68,97.37,93,86.1,47,179,97.44,0,9999,999
2026-05-21,4271,568.5,2057,13,220,2.06,9,44.19,7.62,0,7.86,4.4,0.85,2.37,0.24,61,69.11,15.29,97.79,86,81.9,50,154,97.48,0,9999,999
2026-05-22,13244,1055.1,2039,36,190,5.91,6,44.43,,0,7.48,3.52,1.05,2.51,0.39,64,43.1,14.84,97.09,102,82.3,52,157,97.69,1,9999,999
2026-05-23,6939,833.4,2009,68,131,3.48,12,44.32,7.04,0,7.64,4.45,0.82,1.78,0.6,65,42.89,15.4,96.64,97,84.3,55,163,97.58,2,9999,999
2026-05-24,6353,520.4,2060,6,200,2.57,6,45.23,8.21,0,8.58,5.04,1.05,2.13,0.36,59,85.99,16.11,96.84,101,84.0,48,149,97.58,0,9999,999
2026-05-25,6743,829.0,2003,38,192,2.91,11,44.31,7.3,0,7.8,4.6,0.91,1.79,0.5,62,67.28,15.11,97.86,96,80.6,51,169,98.39,0,9999,999
2026-05-26,11175,759.2,1983,0,94,5.01,16,44.24,7.51,0,7.92,3.7,1.28,2.53,0.42,59,75.07,15.68,97.01,110,86.7,50,143,97.24,0,9999,999
2026-05-27,10604,930.7,2004,42,165,4.41,12,43.59,7.06,0,7.7,4.86,0.85,1.35,0.64,65,49.65,15.81,96.41,97,84.8,54,159,97.46,0,9999,999
2026-05-28,10399,875.3,1994,12,144,4.53,14,44.68,6.51,0,6.88,3.45,1.41,1.65,0.37,63,59.03,14.74,96.78,101,88.2,50,160,97.57,0,9999,999
2026-05-29,10631,941.4,2011,66,119,4.78,9,44.83,7.17,0,7.76,4.22,0.84,2.11,0.59,66,51.5,16.05,97.17,98,88.3,52,163,97.84,0,9999,999
2026-05-30,8758,894.7,2026,56,166,3.87,5,44.73,6.64,0,6.79,3.01,1.09,2.54,0.16,63,64.51,15.01,96.66,96,88.4,50,172,96.82,0,9999,999
2026-05-31,10742,847.8,2037,7,178,4.68,6,43.4,7.52,0,8.17,4.58,0.97,1.97,0.66,62,60.94,16.32,97.04,93,80.8,48,147,97.36,0,9999,999
2026-06-01,12458,1142.3,1999,53,183,5.39,10,45.02,7.44,0,7.96,4.58,1.21,1.65,0.52,61,56.48,15.38,98.25,103,86.6,52,161,97.34,0,9999,999
2026-06-02,9465,872.9,2033,35,191,4.32,7,44.7,7.13,0,7.47,4.75,0.91,1.48,0.33,63,55.34,16.34,96.8,94,81.1,53,165,97.76,0,9999,999
2026-06-03,11329,1027.9,2012,46,103,5.08,7,45.77,7.85,0,8.19,4.79,0.95,2.11,0.34,59,60.18,16.25,97.36,102,83.6,50,182,97.4,0,9999,999
2026-06-04,8611,755.9,2064,6,181,3.75,12,44.63,6.73,0,7.19,3.87,0.79,2.07,0.46,64,52.88,15.59,96.8,96,86.9,53,146,97.47,0,9999,999
2026-06-05,11123,961.2,1968,30,167,4.7,7,44.14,7.67,0,8.12,4.91,0.89,1.87,0.46,63,62.2,14.34,96.42,92,88.3,55,137,97.83,1,9999,999
2026-06-06,7348,855.5,2026,42,135,3.21,0,44.88,8.23,0,8.47,5.93,0.74,1.56,0.24,64,61.54,16.53,97.13,100,88.3,51,179,97.43,4,9999,999
2026-06-07,8454,745.4,2005,9,178,3.94,12,44.24,6.91,0,7.29,3.89,1.36,1.66,0.39,59,53.32,14.49,96.23,104,79.9,49,143,97.21,0,9999,999
2026-06-08,9969,870.6,2009,34,153,4.43,6,43.79,,0,7.42,3.97,1.04,2.04,0.37,62,58.54,14.33,97.37,95,81.5,53,150,97.58,0,9999,999
2026-06-09,9456,845.4,2017,23,138,4.33,11,45.44,7.18,0,7.92,4.87,0.89,1.42,0.74,67,47.98,15.12,96.91,96,88.9,55,159,97.16,0,9999,999
2026-06-10,11618,1045.8,2008,34,155,5.28,16,44.52,7.32,0,7.75,4.83,0.94,1.56,0.43,62,65.77,15.58,96.92,104,80.8,52,168,97.6,0,9999,999
2026-06-11,5317,570.2,2031,27,185,2.46,4,44.33,7.99,0,8.5,5.07,0.97,1.95,0.52,60,63.28,15.04,96.84,99,77.6,51,154,97.86,0,9999,999
2026-06-12,10006,1091.0,2043,56,194,4.51,16,45.31,7.74,0,8.22,5.05,0.95,1.73,0.49,60,67.26,14.85,97.58,100,82.3,52,160,97.0,2,9999,999
2026-06-13,8936,882.6,2030,53,143,4.14,14,44.02,6.91,0,7.59,4.27,1.06,1.58,0.68,61,66.78,15.41,96.3,105,80.5,49,176,97.33,2,9999,999
2026-06-14,6064,600.7,1997,30,124,2.7,9,44.32,8.0,0,8.55,5.05,1.22,1.73,0.55,61,46.48,14.97,97.98,97,86.0,50,167,98.08,0,9999,999
2026-06-15,8902,852.4,1993,20,138,4.43,3,45.19,6.72,0,7.2,3.99,0.77,1.97,0.47,61,57.67,16.65,97.87,103,81.5,52,158,97.34,0,9999,999
2026-06-16,6872,702.2,2046,19,167,2.94,0,44.46,7.08,0,7.36,4.31,0.99,1.78,0.28,66,43.44,14.91,96.24,100,91.9,55,147,97.58,0,9999,999
2026-06-17,11983,1183.6,2030,64,161,5.31,14,44.45,7.43,0,7.87,4.2,1.19,2.04,0.44,63,50.88,14.79,96.86,100,82.3,52,174,97.67,0,9999,999
2026-06-18,10955,873.8,2031,29,170,4.68,2,45.25,7.72,0,8.0,4.7,1.14,1.88,0.29,65,72.3,15.06,95.81,95,84.6,53,155,97.08,0,9999,999
2026-06-19,11799,1033.9,1971,34,187,5.31,14,44.63,7.58,0,7.88,4.36,1.15,2.06,0.3,63,53.49,15.1,96.76,96,85.6,52,154,97.96,0,9999,999
2026-06-20,10377,1127.2,2060,63,131,4.85,1,45.21,7.66,0,8.14,5.4,0.85,1.41,0.48,64,62.9,14.27,97.09,87,82.5,52,166,97.89,3,9999,999
2026-06-21,9115,736.6,1998,5,180,3.86,9,44.88,8.34,0,8.7,5.77,1.07,1.5,0.36,59,76.94,15.75,96.66,101,74.6,45,144,97.77,0,9999,999
2026-06-22,13102,1164.5,1985,58,193,5.61,5,44.94,8.21,0,8.43,4.4,1.44,2.37,0.22,59,65.48,15.77,97.25,103,76.9,49,166,97.73,0,9999,999
2026-06-23,8748,725.0,2022,35,134,3.95,5,44.67,7.02,0,7.33,3.91,1.2,1.91,0.32,65,59.23,14.44,97.98,100,87.1,55,143,97.5,0,9999,999
2026-06-24,7742,862.9,2021,53,117,3.48,0,45.12,7.96,0,8.33,5.14,1.3,1.52,0.37,67,40.1,15.56,97.55,99,86.1,56,159,97.71,0,9999,999
2026-06-25,2800,638.0,2010,27,159,0.95,10,44.55,,0,8.81,5.71,1.06,1.66,0.39,59,78.24,14.94,97.94,105,76.9,50,148,97.59,0,9999,999
2026-06-26,7306,851.1,1960,48,96,3.33,2,45.08,7.94,0,8.54,4.97,1.05,1.92,0.59,57,68.28,14.31,96.89,97,81.0,45,155,98.01,2,9999,999
2026-06-27,9639,1053.1,2023,36,137,4.31,17,44.98,7.71,0,7.9,4.49,1.31,1.91,0.19,62,60.32,15.3,97.57,104,86.3,52,167,97.21,0,9999,999
2026-06-28,6777,775.6,1993,21,149,3.14,7,45.42,7.54,0,7.83,4.78,0.78,1.98,0.28,58,63.68,15.53,95.99,107,82.0,46,156,98.18,0,9999,999
2026-06-29,11886,1051.7,1993,69,129,5.52,5,45.08,8.14,0,8.65,5.29,1.14,1.71,0.5,62,65.06,14.33,97.61,102,84.2,47,167,98.49,0,9999,999
2026-06-30,9411,915.5,1964,33,95,4.32,4,45.03,8.04,0,8.35,5.5,0.94,1.61,0.31,59,78.31,14.48,96.3,97,86.9,43,174,97.91,0,9999,999
2026-07-01,7478,960.5,2019,63,186,3.03,0,43.91,8.04,0,8.49,4.97,1.05,2.03,0.45,59,71.27,14.2,97.29,97,78.8,44,163,98.25,0,9999,999
2026-07-02,11214,966.8,1970,33,153,5.09,14,44.92,7.54,0,7.92,4.38,1.24,1.92,0.38,61,55.96,14.52,96.88,91,78.2,49,154,97.35,0,9999,999
2026-07-03,11080,1271.4,2040,67,161,4.96,4,45.12,8.07,0,8.85,5.42,0.85,1.8,0.78,61,70.92,14.54,97.76,94,82.1,50,178,97.29,1,9999,999
2026-07-04,9195,954.8,2014,72,216,4.07,11,45.57,7.89,0,8.3,5.08,1.05,1.75,0.41,62,54.51,15.81,97.45,98,79.2,48,171,97.82,2,9999,999
2026-07-05,5827,733.4,1988,17,158,2.69,1,44.35,8.79,0,9.33,6.09,1.18,1.53,0.54,56,87.38,15.25,96.87,94,79.7,44,151,98.14,0,9999,999
2026-07-06,13321,1265.5,2014,71,148,5.99,3,45.19,7.58,0,8.01,3.61,1.33,2.64,0.44,57,71.61,14.3,96.26,100,86.2,45,170,97.43,0,9999,999