Date,Exercise,Type,Exercise Calories,Exercise Minutes,Sets,Reps Per Set,Pounds,Steps,Note
2025-11-27,"""Strength training (weight lifting, weight training)""",Cardio,786.5,97,,,,,
2025-11-28,"""Stair-treadmill ergometer, general""",Cardio,153.0,11,,,,,
2025-11-28,"""Strength training (weight lifting, weight training)""",Cardio,589.9,69,,,,,
2025-11-29,"""Circuit training, general""",Cardio,862.1,70,,,,,
2025-11-29,"""Stair-treadmill ergometer, general""",Cardio,156.2,10,,,,,
2025-12-01,"""Walking, 2.0 mph, slow pace""",Cardio,269.0,56,,,,,
2025-12-01,Apple Health App Workout,Cardio,280.9,40,,,,,
2025-12-02,"""Strength training (weight lifting, weight training)""",Cardio,912.2,75,,,,,
2025-12-03,"""Strength training (weight lifting, weight training)""",Cardio,914.4,81,,,,,
2025-12-04,"""Strength training (weight lifting, weight training)""",Cardio,668.9,60,,,,,
2025-12-04,Apple Health App Workout,Cardio,72.5,8,,,,,
2025-12-05,"""Strength training (weight lifting, weight training)""",Cardio,440.0,45,,,,,
2025-12-06,"""Circuit training, general""",Cardio,714.8,65,,,,,
2025-12-07,Apple Health App Workout,Cardio,424.3,83,,,,,
2025-12-08,Apple Health App Workout,Cardio,439.4,79,,,,,
2025-12-09,"""Strength training (weight lifting, weight training)""",Cardio,626.2,59,,,,,
2025-12-09,Apple Health App Workout,Cardio,218.9,22,,,,,
2025-12-10,"""Strength training (weight lifting, weight training)""",Cardio,715.0,59,,,,,
2025-12-11,"""Strength training (weight lifting, weight training)""",Cardio,814.3,73,,,,,
2025-12-12,"""Circuit training, general""",Cardio,843.7,60,,,,,
2025-12-13,"""Circuit training, general""",Cardio,759.6,61,,,,,
2025-12-14,Apple Health App Workout,Cardio,420.5,53,,,,,
2025-12-15,Apple Health App Workout,Cardio,337.3,56,,,,,
2025-12-16,"""Strength training (weight lifting, weight training)""",Cardio,951.1,82,,,,,
2025-12-17,"""Strength training (weight lifting, weight training)""",Cardio,797.3,66,,,,,
2025-12-18,"""Strength training (weight lifting, weight training)""",Cardio,844.3,64,,,,,
2025-12-19,"""Circuit training, general""",Cardio,738.7,55,,,,,
2025-12-22,"""Bicycling, 16-20 mph, very fast (cycling, biking, bike riding)""",Cardio,341.0,31,,,,,
2025-12-23,"""Strength training (weight lifting, weight training)""",Cardio,569.8,54,,,,,
2025-12-23,Apple Health App Workout,Cardio,52.8,6,,,,,
2025-12-24,"""Strength training (weight lifting, weight training)""",Cardio,587.5,53,,,,,
2025-12-28,Apple Health App Workout,Cardio,485.0,74,,,,,
2025-12-30,"""Circuit training, general""",Cardio,678.8,56,,,,,
2025-12-31,"""Strength training (weight lifting, weight training)""",Cardio,473.5,59,,,,,
2026-01-01,"""Stair-treadmill ergometer, general""",Cardio,165.8,14,,,,,
2026-01-01,"""Strength training (weight lifting, weight training)""",Cardio,465.0,52,,,,,
2026-01-02,"""Strength training (weight lifting, weight training)""",Cardio,755.1,71,,,,,
2026-01-03,"""Circuit training, general""",Cardio,801.7,69,,,,,
2026-01-04,Apple Health App Workout,Cardio,372.5,62,,,,,
2026-01-05,Brazilian Jiu Jitsu,Cardio,600.0,90,,,,,
2026-01-06,"""Strength training (weight lifting, weight training)""",Cardio,679.9,60,,,,,
2026-01-06,Apple Health App Workout,Cardio,111.7,12,,,,,
2026-01-07,"""Strength training (weight lifting, weight training)""",Cardio,742.2,59,,,,,
2026-01-08,"""Strength training (weight lifting, weight training)""",Cardio,814.5,77,,,,,
2026-01-09,"""Stair-treadmill ergometer, general""",Cardio,125.6,10,,,,,
2026-01-09,"""Strength training (weight lifting, weight training)""",Cardio,10.8,2,,,,,
2026-01-09,"""Strength training (weight lifting, weight training)""",Cardio,281.5,33,,,,,
2026-01-10,"""Circuit training, general""",Cardio,661.8,57,,,,,
2026-01-10,"""Stair-treadmill ergometer, general""",Cardio,141.6,10,,,,,
2026-01-11,Brazilian Jiu Jitsu,Cardio,500.0,70,,,,,
2026-01-12,Brazilian Jiu Jitsu,Cardio,400.0,60,,,,,
2026-01-13,"""Strength training (weight lifting, weight training)""",Cardio,582.1,42,,,,,
2026-01-13,Apple Health App Workout,Cardio,320.5,35,,,,,
2026-01-14,"""Strength training (weight lifting, weight training)""",Cardio,604.6,60,,,,,
2026-01-15,"""Strength training (weight lifting, weight training)""",Cardio,548.7,69,,,,,
2026-01-16,"""Strength training (weight lifting, weight training)""",Cardio,378.0,55,,,,,
2026-01-17,"""Circuit training, general""",Cardio,827.8,69,,,,,
2026-01-18,Brazilian Jiu Jitsu,Cardio,500.0,60,,,,,
2026-01-19,"""Strength training (weight lifting, weight training)""",Cardio,511.8,64,,,,,
2026-01-20,"""Strength training (weight lifting, weight training)""",Cardio,671.2,63,,,,,
2026-01-20,Apple Health App Workout,Cardio,278.9,31,,,,,
2026-01-21,"""Strength training (weight lifting, weight training)""",Cardio,632.7,61,,,,,
2026-01-22,"""Strength training (weight lifting, weight training)""",Cardio,599.1,76,,,,,
2026-01-23,"""Strength training (weight lifting, weight training)""",Cardio,640.4,57,,,,,
2026-01-24,"""Circuit training, general""",Cardio,795.4,63,,,,,
2026-01-24,"""Stair-treadmill ergometer, general""",Cardio,134.6,10,,,,,
2026-01-24,Apple Health App Workout,Cardio,86.8,9,,,,,
2026-01-26,Apple Health App Workout,Cardio,610.5,93,,,,,
2026-01-26,Apple Health App Workout,Cardio,361.1,38,,,,,
2026-01-27,"""Strength training (weight lifting, weight training)""",Cardio,645.1,71,,,,,
2026-01-28,"""Strength training (weight lifting, weight training)""",Cardio,586.5,66,,,,,
2026-01-29,"""Strength training (weight lifting, weight training)""",Cardio,708.9,73,,,,,
2026-01-30,"""Stair-treadmill ergometer, general""",Cardio,269.7,22,,,,,
2026-01-30,"""Strength training (weight lifting, weight training)""",Cardio,358.0,46,,,,,
2026-01-31,"""Circuit training, general""",Cardio,899.5,67,,,,,
2026-02-01,Brazilian Jiu Jitsu,Cardio,300.0,60,,,,,
2026-02-02,Brazilian Jiu Jitsu,Cardio,500.0,60,,,,,
2026-02-03,"""Strength training (weight lifting, weight training)""",Cardio,567.7,79,,,,,
2026-02-04,"""Strength training (weight lifting, weight training)""",Cardio,553.3,72,,,,,
2026-02-05,"""Strength training (weight lifting, weight training)""",Cardio,584.1,68,,,,,
2026-02-06,"""Stair-treadmill ergometer, general""",Cardio,251.4,20,,,,,
2026-02-06,"""Strength training (weight lifting, weight training)""",Cardio,742.4,74,,,,,
2026-02-07,"""Circuit training, general""",Cardio,761.5,64,,,,,
2026-02-07,"""Stair-treadmill ergometer, general""",Cardio,199.8,15,,,,,
2026-02-08,Brazilian Jiu Jitsu,Cardio,500.0,60,,,,,
2026-02-09,Brazilian Jiu Jitsu,Cardio,500.0,60,,,,,
2026-02-10,"""Strength training (weight lifting, weight training)""",Cardio,645.2,88,,,,,
2026-02-11,"""Strength training (weight lifting, weight training)""",Cardio,655.2,63,,,,,
2026-02-12,"""Strength training (weight lifting, weight training)""",Cardio,593.4,67,,,,,
2026-02-13,"""Stair-treadmill ergometer, general""",Cardio,283.9,21,,,,,
2026-02-13,"""Strength training (weight lifting, weight training)""",Cardio,488.5,53,,,,,
2026-02-14,"""Circuit training, general""",Cardio,808.9,65,,,,,
2026-02-15,Brazilian Jiu Jitsu,Cardio,500.0,50,,,,,
2026-02-16,Brazilian Jiu Jitsu,Cardio,500.0,50,,,,,
2026-02-17,"""Strength training (weight lifting, weight training)""",Cardio,841.7,68,,,,,
2026-02-18,"""Strength training (weight lifting, weight training)""",Cardio,554.0,63,,,,,
2026-02-19,"""Strength training (weight lifting, weight training)""",Cardio,569.2,50,,,,,
2026-02-21,"""Circuit training, general""",Cardio,792.3,70,,,,,
2026-02-22,"""Circuit training, general""",Cardio,416.6,27,,,,,
2026-02-24,"""Strength training (weight lifting, weight training)""",Cardio,883.2,73,,,,,
2026-02-25,"""Strength training (weight lifting, weight training)""",Cardio,522.5,59,,,,,
2026-02-26,"""Strength training (weight lifting, weight training)""",Cardio,680.0,60,,,,,
2026-02-27,"""Stair-treadmill ergometer, general""",Cardio,274.8,20,,,,,
2026-02-27,"""Strength training (weight lifting, weight training)""",Cardio,382.7,38,,,,,
2026-02-28,"""Circuit training, general""",Cardio,734.2,65,,,,,
2026-03-01,"""Running (jogging), 5.2 mph (11.5 min mile)""",Cardio,340.9,27,,,,,
2026-03-01,"""Running (jogging), 6 mph (10 min mile)""",Cardio,147.4,10,,,,,
2026-03-02,"""Strength training (weight lifting, weight training)""",Cardio,356.4,46,,,,,
2026-03-03,"""Strength training (weight lifting, weight training)""",Cardio,748.7,73,,,,,
2026-03-03,"""Walking, 2.0 mph, slow pace""",Cardio,314.3,80,,,,,
2026-03-03,"""Walking, 2.5 mph, leisurely pace""",Cardio,270.5,49,,,,,
2026-03-03,Apple Health App Workout,Cardio,68.1,8,,,,,
2026-03-04,"""Strength training (weight lifting, weight training)""",Cardio,550.5,55,,,,,
2026-03-04,"""Walking, 2.0 mph, slow pace""",Cardio,83.0,27,,,,,
2026-03-04,Apple Health App Workout,Cardio,95.8,10,,,,,
2026-03-05,"""Strength training (weight lifting, weight training)""",Cardio,491.3,79,,,,,
2026-03-05,"""Walking, 2.0 mph, slow pace""",Cardio,65.3,20,,,,,
2026-03-05,"""Walking, 3.0 mph, mod. pace, walking dog""",Cardio,290.2,46,,,,,
2026-03-05,Apple Health App Workout,Cardio,56.3,10,,,,,
2026-03-10,"""Strength training (weight lifting, weight training)""",Cardio,358.0,72,,,,,
2026-03-11,"""Strength training (weight lifting, weight training)""",Cardio,272.6,44,,,,,
2026-03-16,"""Strength training (weight lifting, weight training)""",Cardio,503.2,68,,,,,
2026-03-17,"""Strength training (weight lifting, weight training)""",Cardio,494.4,53,,,,,
2026-03-18,"""Strength training (weight lifting, weight training)""",Cardio,424.2,56,,,,,
2026-03-19,"""Strength training (weight lifting, weight training)""",Cardio,368.3,64,,,,,
2026-03-20,"""Stair-treadmill ergometer, general""",Cardio,190.6,17,,,,,
2026-03-20,"""Strength training (weight lifting, weight training)""",Cardio,208.9,25,,,,,
2026-03-20,Apple Health App Workout,Cardio,109.8,14,,,,,
2026-03-22,"""Running (jogging), 6.7 mph (9 min mile)""",Cardio,317.3,23,,,,,
2026-03-22,"""Walking, 3.5 mph, brisk pace""",Cardio,52.1,5,,,,,
2026-03-24,"""Strength training (weight lifting, weight training)""",Cardio,456.1,46,,,,,
2026-03-25,"""Strength training (weight lifting, weight training)""",Cardio,291.5,48,,,,,
2026-03-26,"""Strength training (weight lifting, weight training)""",Cardio,424.0,62,,,,,
2026-03-26,"""Walking, 2.0 mph, slow pace""",Cardio,65.7,17,,,,,
2026-03-27,"""Strength training (weight lifting, weight training)""",Cardio,513.7,65,,,,,
2026-03-28,"""Strength training (weight lifting, weight training)""",Cardio,545.0,65,,,,,
2026-03-29,Brazilian Jiu Jitsu,Cardio,400.0,40,,,,,
2026-03-30,"""Strength training (weight lifting, weight training)""",Cardio,359.5,48,,,,,
2026-03-31,"""Strength training (weight lifting, weight training)""",Cardio,400.4,52,,,,,
2026-04-01,"""Strength training (weight lifting, weight training)""",Cardio,311.5,31,,,,,
2026-04-01,"""Strength training (weight lifting, weight training)""",Cardio,265.1,21,,,,,
2026-04-01,Apple Health App Workout,Cardio,87.3,9,,,,,
2026-04-02,"""Circuit training, general""",Cardio,86.7,24,,,,,
2026-04-02,"""Running (jogging), 6 mph (10 min mile)""",Cardio,424.1,30,,,,,
2026-04-02,"""Stair-treadmill ergometer, general""",Cardio,200.1,15,,,,,
2026-04-03,"""Stair-treadmill ergometer, general""",Cardio,404.9,30,,,,,
2026-04-03,"""Strength training (weight lifting, weight training)""",Cardio,247.3,28,,,,,
2026-04-04,"""Circuit training, general""",Cardio,834.0,68,,,,,
2026-04-04,"""Walking, 2.5 mph, leisurely pace""",Cardio,73.9,16,,,,,
2026-04-05,Yoga,Cardio,599.7,78,,,,,
2026-04-06,Brazilian Jiu Jitsu,Cardio,400.0,60,,,,,
2026-04-08,"""Strength training (weight lifting, weight training)""",Cardio,579.3,67,,,,,
2026-04-09,"""Strength training (weight lifting, weight training)""",Cardio,510.4,63,,,,,
2026-04-09,"""Walking, 2.0 mph, slow pace""",Cardio,94.7,23,,,,,
2026-04-10,"""Stair-treadmill ergometer, general""",Cardio,247.4,20,,,,,
2026-04-10,"""Strength training (weight lifting, weight training)""",Cardio,300.4,34,,,,,
2026-04-14,"""Strength training (weight lifting, weight training)""",Cardio,531.5,50,,,,,
2026-04-14,Apple Health App Workout,Cardio,88.3,11,,,,,
2026-04-17,"""Strength training (weight lifting, weight training)""",Cardio,467.8,56,,,,,
2026-04-18,"""Circuit training, general""",Cardio,654.5,61,,,,,
2026-04-19,"""Walking, 2.5 mph, leisurely pace""",Cardio,98.6,19,,,,,
2026-04-19,Brazilian Jiu Jitsu,Cardio,500.0,60,,,,,
2026-04-20,Brazilian Jiu Jitsu,Cardio,500.0,60,,,,,
2026-04-21,"""Strength training (weight lifting, weight training)""",Cardio,478.9,48,,,,,
2026-04-21,"""Walking, 2.5 mph, leisurely pace""",Cardio,124.2,21,,,,,
2026-04-22,"""Strength training (weight lifting, weight training)""",Cardio,525.0,43,,,,,
2026-04-22,"""Walking, 2.5 mph, leisurely pace""",Cardio,156.0,28,,,,,
2026-04-22,Apple Health App Workout,Cardio,77.7,8,,,,,
2026-04-23,"""Strength training (weight lifting, weight training)""",Cardio,635.5,72,,,,,
2026-04-24,"""Stair-treadmill ergometer, general""",Cardio,341.8,24,,,,,
2026-04-24,"""Strength training (weight lifting, weight training)""",Cardio,432.4,40,,,,,
2026-04-25,"""Circuit training, general""",Cardio,688.7,57,,,,,
2026-04-26,Brazilian Jiu Jitsu,Cardio,500.0,50,,,,,
2026-04-27,Brazilian Jiu Jitsu,Cardio,500.0,50,,,,,
2026-04-28,"""Strength training (weight lifting, weight training)""",Cardio,612.5,57,,,,,
2026-04-28,Apple Health App Workout,Cardio,51.2,6,,,,,
2026-04-29,"""Strength training (weight lifting, weight training)""",Cardio,430.9,40,,,,,
2026-04-29,"""Walking, 2.0 mph, slow pace""",Cardio,71.4,18,,,,,
2026-04-29,"""Walking, 2.0 mph, slow pace""",Cardio,228.5,53,,,,,
2026-04-30,"""Strength training (weight lifting, weight training)""",Cardio,461.4,63,,,,,
2026-05-01,"""Stair-treadmill ergometer, general""",Cardio,172.8,15,,,,,
2026-05-02,Yoga,Cardio,417.0,53,,,,,
2026-05-04,"""Strength training (weight lifting, weight training)""",Cardio,344.5,39,,,,,
2026-05-05,"""Strength training (weight lifting, weight training)""",Cardio,617.8,50,,,,,
2026-05-06,"""Strength training (weight lifting, weight training)""",Cardio,476.3,40,,,,,
2026-05-06,"""Walking, 2.0 mph, slow pace""",Cardio,197.9,37,,,,,
2026-05-06,"""Walking, 2.5 mph, leisurely pace""",Cardio,65.6,15,,,,,
2026-05-06,Apple Health App Workout,Cardio,128.0,13,,,,,
2026-05-07,"""Strength training (weight lifting, weight training)""",Cardio,512.9,49,,,,,
2026-05-07,"""Walking, 2.0 mph, slow pace""",Cardio,43.6,15,,,,,
2026-05-09,Yoga,Cardio,404.3,51,,,,,
2026-05-10,"""Running (jogging), 6.7 mph (9 min mile)""",Cardio,188.5,13,,,,,
2026-05-10,"""Strength training (weight lifting, weight training)""",Cardio,138.1,15,,,,,
2026-05-10,"""Walking, 2.0 mph, slow pace""",Cardio,97.8,26,,,,,
2026-05-10,"""Walking, 2.0 mph, slow pace""",Cardio,96.4,25,,,,,
2026-05-10,Elliptical Trainer,Cardio,32.6,2,,,,,
2026-05-11,"""Strength training (weight lifting, weight training)""",Cardio,406.3,52,,,,,
2026-05-12,"""Strength training (weight lifting, weight training)""",Cardio,381.9,50,,,,,
2026-05-13,"""Strength training (weight lifting, weight training)""",Cardio,567.7,51,,,,,
2026-05-13,"""Walking, 2.0 mph, slow pace""",Cardio,99.4,26,,,,,
2026-05-15,"""Strength training (weight lifting, weight training)""",Cardio,269.3,28,,,,,
2026-05-15,"""Walking, 2.5 mph, leisurely pace""",Cardio,71.6,17,,,,,
2026-05-15,"""Walking, 2.5 mph, leisurely pace""",Cardio,56.2,15,,,,,
2026-05-16,"""Walking, 2.5 mph, leisurely pace""",Cardio,86.9,19,,,,,
2026-05-16,Yoga,Cardio,507.3,66,,,,,
2026-05-17,"""Walking, 2.5 mph, leisurely pace""",Cardio,256.4,57,,,,,
2026-05-17,Elliptical Trainer,Cardio,307.6,25,,,,,
2026-05-18,"""Strength training (weight lifting, weight training)""",Cardio,595.7,53,,,,,
2026-05-19,"""Strength training (weight lifting, weight training)""",Cardio,470.8,40,,,,,
2026-05-20,"""Strength training (weight lifting, weight training)""",Cardio,378.6,55,,,,,
2026-05-21,"""Strength training (weight lifting, weight training)""",Cardio,389.0,50,,,,,
2026-05-22,"""Strength training (weight lifting, weight training)""",Cardio,140.0,12,,,,,
2026-05-22,"""Strength training (weight lifting, weight training)""",Cardio,306.6,25,,,,,
2026-05-23,Yoga,Cardio,280.7,40,,,,,
2026-05-24,"""Running (jogging), 6 mph (10 min mile)""",Cardio,151.2,11,,,,,
2026-05-24,Elliptical Trainer,Cardio,108.6,9,,,,,
2026-05-25,"""Strength training (weight lifting, weight training)""",Cardio,473.5,44,,,,,
2026-05-26,"""Strength training (weight lifting, weight training)""",Cardio,503.0,53,,,,,
2026-05-27,Apple Health App Workout,Cardio,493.4,61,,,,,
2026-05-28,Apple Health App Workout,Cardio,521.4,62,,,,,
2026-05-29,"""Strength training (weight lifting, weight training)""",Cardio,399.0,38,,,,,
2026-05-29,"""Walking, 2.5 mph, leisurely pace""",Cardio,127.1,31,,,,,
2026-05-29,Apple Health App Workout,Cardio,34.9,4,,,,,
2026-05-30,"""Circuit training, general""",Cardio,556.5,51,,,,,
2026-05-30,"""Walking, 2.0 mph, slow pace""",Cardio,65.9,10,,,,,
2026-05-30,"""Walking, 2.5 mph, leisurely pace""",Cardio,171.2,36,,,,,
2026-05-31,"""Running (jogging), 6.7 mph (9 min mile)""",Cardio,423.6,30,,,,,
2026-05-31,"""Running (jogging), 6.7 mph (9 min mile)""",Cardio,62.7,4,,,,,
2026-06-01,Apple Health App Workout,Cardio,388.3,55,,,,,
2026-06-02,"""Walking, 2.0 mph, slow pace""",Cardio,41.7,13,,,,,
2026-06-02,"""Walking, 2.5 mph, leisurely pace""",Cardio,95.8,19,,,,,
2026-06-02,"""Walking, 2.5 mph, leisurely pace""",Cardio,49.6,14,,,,,
2026-06-02,Apple Health App Workout,Cardio,413.4,62,,,,,
2026-06-03,"""Walking, 3.0 mph, mod. pace, walking dog""",Cardio,168.8,33,,,,,
2026-06-03,Apple Health App Workout,Cardio,413.5,62,,,,,
2026-06-04,"""Strength training (weight lifting, weight training)""",Cardio,557.5,46,,,,,
2026-06-05,"""Strength training (weight lifting, weight training)""",Cardio,330.3,52,,,,,
2026-06-05,"""Walking, 2.0 mph, slow pace""",Cardio,120.4,33,,,,,
2026-06-06,"""Strength training (weight lifting, weight training)""",Cardio,549.3,60,,,,,
2026-06-07,"""Running (jogging), 6 mph (10 min mile)""",Cardio,402.0,32,,,,,
2026-06-07,"""Walking, 3.0 mph, mod. pace, walking dog""",Cardio,177.0,33,,,,,
2026-06-07,"""Walking, 3.5 mph, brisk pace""",Cardio,147.0,26,,,,,
2026-06-08,"""Strength training (weight lifting, weight training)""",Cardio,596.2,54,,,,,
2026-06-09,"""Strength training (weight lifting, weight training)""",Cardio,456.8,59,,,,,
2026-06-10,"""Strength training (weight lifting, weight training)""",Cardio,489.3,54,,,,,
2026-06-12,"""Strength training (weight lifting, weight training)""",Cardio,488.0,46,,,,,
2026-06-20,"""Strength training (weight lifting, weight training)""",Cardio,591.6,54,,,,,
2026-06-20,"""Walking, 2.0 mph, slow pace""",Cardio,103.9,24,,,,,
2026-06-20,"""Walking, 2.5 mph, leisurely pace""",Cardio,55.4,15,,,,,
2026-06-21,"""Running (jogging), 5 mph (12 min mile)""",Cardio,212.7,25,,,,,
2026-06-21,"""Walking, 2.5 mph, leisurely pace""",Cardio,159.2,28,,,,,
2026-06-22,"""Strength training (weight lifting, weight training)""",Cardio,647.2,57,,,,,
2026-06-22,"""Walking, 2.5 mph, leisurely pace""",Cardio,87.7,20,,,,,
2026-06-22,"""Walking, 2.5 mph, leisurely pace""",Cardio,151.2,23,,,,,
2026-06-22,Apple Health App Workout,Cardio,34.5,4,,,,,
2026-06-23,"""Strength training (weight lifting, weight training)""",Cardio,505.5,57,,,,,
2026-06-24,"""Walking, 3.0 mph, mod. pace, walking dog""",Cardio,53.7,10,,,,,
2026-06-24,"""Walking, 3.0 mph, mod. pace, walking dog""",Cardio,191.1,31,,,,,
2026-06-25,"""Strength training (weight lifting, weight training)""",Cardio,555.8,58,,,,,
2026-06-25,"""Walking, 2.0 mph, slow pace""",Cardio,180.8,45,,,,,
2026-06-25,"""Walking, 2.5 mph, leisurely pace""",Cardio,124.9,28,,,,,
2026-06-25,"""Walking, 2.5 mph, leisurely pace""",Cardio,98.3,22,,,,,
2026-06-25,"""Walking, 2.5 mph, leisurely pace""",Cardio,67.6,17,,,,,
2026-06-25,"""Walking, 3.0 mph, mod. pace, walking dog""",Cardio,216.3,50,,,,,
2026-06-26,"""Strength training (weight lifting, weight training)""",Cardio,477.6,50,,,,,
2026-06-26,"""Walking, 2.0 mph, slow pace""",Cardio,68.7,22,,,,,
2026-06-26,"""Walking, 2.5 mph, leisurely pace""",Cardio,138.2,26,,,,,
2026-06-26,"""Walking, 2.5 mph, leisurely pace""",Cardio,71.0,19,,,,,
2026-06-26,"""Walking, 2.5 mph, leisurely pace""",Cardio,62.4,15,,,,,
2026-06-27,"""Strength training (weight lifting, weight training)""",Cardio,590.3,60,,,,,
2026-06-27,"""Walking, 2.5 mph, leisurely pace""",Cardio,67.8,17,,,,,
2026-06-27,"""Walking, 2.5 mph, leisurely pace""",Cardio,93.2,22,,,,,
2026-06-28,"""Running (jogging), 5.2 mph (11.5 min mile)""",Cardio,389.4,34,,,,,
2026-06-29,"""Circuit training, general""",Cardio,239.6,20,,,,,
2026-06-29,"""Strength training (weight lifting, weight training)""",Cardio,412.8,45,,,,,
2026-06-29,"""Walking, 2.5 mph, leisurely pace""",Cardio,67.9,17,,,,,
2026-06-30,"""Strength training (weight lifting, weight training)""",Cardio,407.4,45,,,,,
2026-06-30,"""Walking, 2.5 mph, leisurely pace""",Cardio,159.6,40,,,,,
2026-06-30,"""Walking, 2.5 mph, leisurely pace""",Cardio,71.0,19,,,,,
2026-06-30,Apple Health App Workout,Cardio,50.3,6,,,,,
2026-07-01,"""Strength training (weight lifting, weight training)""",Cardio,461.6,51,,,,,
2026-07-01,"""Walking, 2.5 mph, leisurely pace""",Cardio,69.2,17,,,,,
2026-07-01,"""Walking, 2.5 mph, leisurely pace""",Cardio,78.3,20,,,,,
2026-07-02,"""Running (jogging), 6 mph (10 min mile)""",Cardio,45.2,3,,,,,
2026-07-02,"""Running (jogging), 6.7 mph (9 min mile)""",Cardio,119.5,9,,,,,
2026-07-02,"""Walking, 3.0 mph, mod. pace, walking dog""",Cardio,35.4,6,,,,,
2026-07-02,"""Walking, 3.0 mph, mod. pace, walking dog""",Cardio,103.7,18,,,,,
2026-07-03,"""Strength training (weight lifting, weight training)""",Cardio,673.2,62,,,,,
2026-07-03,"""Walking, 2.5 mph, leisurely pace""",Cardio,71.1,17,,,,,
2026-07-04,Yoga,Cardio,25.3,4,,,,,
2026-07-05,"""Strength training (weight lifting, weight training)""",Cardio,565.6,60,,,,,
2026-07-05,"""Walking, 2.0 mph, slow pace""",Cardio,73.0,22,,,,,
2026-07-05,"""Walking, 2.0 mph, slow pace""",Cardio,75.6,21,,,,,
2026-07-06,"""Strength training (weight lifting, weight training)""",Cardio,420.3,50,,,,,
2026-07-06,"""Walking, 2.0 mph, slow pace""",Cardio,69.7,22,,,,,
2026-07-06,"""Walking, 2.5 mph, leisurely pace""",Cardio,73.4,20,,,,,
