Date,Meal,Calories,Fat (g),Saturated Fat,Polyunsaturated Fat,Monounsaturated Fat,Trans Fat,Cholesterol,Sodium (mg),Potassium,Carbohydrates (g),Fiber,Sugar,Protein (g),Vitamin A,Vitamin C,Calcium,Iron,Note
2025-11-27,Breakfast,4565.1,139.6,466.1,13.1,23.8,2.2,823.1,7965.6,2781.2,558.9,17.9,158.5,201.5,29.6,361.2,93.8,96.3,
2025-11-28,Breakfast,904.0,34.5,18.1,3.4,8.5,1.4,97.6,528.5,933.3,108.6,7.3,73.3,45.2,11.7,83.6,43.1,21.6,
2025-11-28,Dinner,1672.6,33.5,149.3,2.6,5.1,0.0,270.0,3609.8,3607.1,243.9,11.5,80.1,99.5,35.3,136.9,96.6,38.9,
2025-11-28,Lunch,2033.5,77.4,28.3,5.1,8.7,0.7,334.6,4928.3,3420.6,182.9,22.2,68.5,128.7,11.7,630.3,24.8,45.6,
2025-11-29,Breakfast,697.5,11.7,2.6,1.5,0.8,0.0,1.9,326.3,570.2,120.2,18.4,46.5,46.4,30.3,190.0,55.7,35.8,
2025-11-29,Dinner,2872.4,21.2,211.5,0.0,0.0,0.0,526.5,2740.7,2970.0,454.1,6.4,82.1,210.3,2.0,69.3,266.7,27.3,
2025-11-29,Lunch,669.1,19.0,7.3,0.2,1.4,0.2,230.7,1191.3,1082.6,71.1,40.0,5.3,87.7,0.0,0.0,7.0,11.2,
2025-11-30,Breakfast,776.6,7.3,2.5,0.0,0.0,0.0,106.7,651.6,609.9,113.7,1.3,16.7,63.7,0.7,6.7,64.3,8.0,
2025-11-30,Lunch,3022.7,67.5,12.4,0.1,1.0,0.2,473.8,2282.5,2518.4,363.7,12.0,50.2,237.8,2.0,20.0,194.3,24.0,
2025-12-01,Breakfast,417.5,6.7,1.1,1.5,0.8,0.0,1.9,151.3,340.2,59.2,5.4,21.5,36.4,0.3,100.0,30.7,25.8,
2025-12-01,Dinner,1671.5,63.0,18.8,5.0,24.0,0.0,247.0,3627.2,1596.2,185.7,37.8,21.3,110.4,21.7,45.3,47.3,56.1,
2025-12-01,Lunch,2230.0,80.0,18.0,3.0,6.0,0.0,380.0,1020.0,2630.0,139.0,20.0,44.0,249.0,0.0,15.0,157.5,22.9,
2025-12-02,Breakfast,1295.0,51.5,11.5,6.5,25.5,0.3,145.0,950.0,766.6,165.5,4.5,105.0,51.5,0.0,0.0,83.0,13.2,
2025-12-02,Dinner,62.4,0.2,0.0,0.0,0.0,0.0,0.0,5.7,195.0,15.1,1.9,11.6,0.8,0.0,49.3,1.7,1.1,
2025-12-02,Lunch,3462.7,114.5,438.9,14.1,35.0,0.2,641.8,2807.5,3648.4,408.7,41.0,58.2,234.8,0.0,0.0,162.3,42.3,
2025-12-03,Breakfast,960.0,30.0,11.5,3.0,8.0,0.0,145.0,925.0,370.0,130.0,2.0,80.0,52.0,0.0,0.0,82.0,5.0,
2025-12-03,Dinner,1331.2,65.1,13.0,12.0,32.0,0.0,160.0,1182.8,2817.5,67.5,9.0,45.8,130.4,0.0,24.7,190.9,16.2,
2025-12-03,Lunch,2547.4,46.2,426.5,2.0,2.0,0.0,503.0,1625.7,2955.0,377.1,10.9,82.6,157.3,0.0,49.3,171.7,25.5,
2025-12-04,Breakfast,1502.5,52.0,18.0,6.0,16.0,0.0,240.0,1691.4,2223.7,125.8,46.2,51.1,172.5,0.0,4.4,137.0,29.7,
2025-12-04,Dinner,590.0,16.0,2.5,3.0,8.0,0.0,0.0,135.0,620.0,76.0,5.0,28.0,14.0,0.0,0.0,2.0,4.8,
2025-12-04,Lunch,2471.3,44.6,26.0,0.0,0.0,0.0,410.0,1936.3,3660.0,373.0,32.3,86.1,166.5,0.0,32.6,229.6,25.7,
2025-12-05,Breakfast,960.0,20.0,13.0,0.0,0.0,0.0,240.0,700.0,1770.0,49.0,10.0,39.0,150.0,0.0,0.0,127.5,14.4,
2025-12-05,Dinner,1731.8,27.9,15.8,0.7,0.7,0.0,225.0,1014.3,1515.6,284.3,4.1,36.4,86.4,0.0,37.0,126.3,13.6,
2025-12-05,Lunch,1719.8,96.5,3.1,0.1,0.7,0.0,9.1,76.7,43.1,129.6,16.1,0.1,92.6,3.2,3.3,2.0,0.7,
2025-12-06,Breakfast,1090.0,32.5,13.0,3.0,8.0,0.0,215.0,1025.0,550.0,132.0,2.0,82.0,77.0,0.0,0.0,97.0,7.2,
2025-12-06,Dinner,1987.5,48.7,15.6,1.5,0.8,0.0,311.9,951.3,2290.2,162.2,20.4,62.5,231.4,0.3,100.0,173.2,42.4,
2025-12-06,Lunch,1557.5,70.2,27.1,1.5,0.8,0.0,141.9,4851.3,340.2,145.2,7.4,31.5,95.4,50.3,180.0,90.7,75.8,
2025-12-07,Breakfast,830.0,27.5,10.0,3.0,8.0,0.0,75.0,825.0,190.0,128.0,2.0,78.0,27.0,0.0,0.0,67.0,2.8,
2025-12-07,Dinner,860.0,16.3,10.5,0.0,0.0,0.0,196.3,425.0,1147.5,82.8,1.9,75.3,98.8,0.0,0.0,90.0,8.5,
2025-12-07,Lunch,2650.0,116.0,54.5,0.0,0.0,0.0,315.0,6850.0,490.0,237.0,7.0,52.0,131.0,4.0,50.0,119.0,63.7,
2025-12-08,Breakfast,1527.5,28.5,16.1,1.5,0.8,0.0,255.7,1226.3,1244.7,204.5,8.0,131.3,125.7,0.3,100.0,165.2,33.6,
2025-12-08,Dinner,1048.2,13.5,275.0,0.0,0.0,0.0,202.0,792.0,683.8,185.3,2.2,23.7,46.8,0.0,52.6,40.8,1.2,
2025-12-08,Lunch,1879.8,98.5,3.1,0.1,0.7,0.0,9.1,556.7,163.1,185.6,48.1,4.1,100.6,3.2,3.3,14.0,7.4,
2025-12-09,Breakfast,1898.3,28.6,147.7,3.0,1.5,0.0,304.8,1535.9,1150.3,300.5,11.1,128.3,125.5,0.5,199.9,156.3,55.9,
2025-12-09,Dinner,850.0,30.0,15.0,0.0,0.0,0.0,175.0,2700.0,650.0,85.0,10.0,10.0,60.0,40.0,50.0,0.0,30.0,
2025-12-09,Lunch,1885.0,12.0,8.0,0.0,0.0,0.0,80.0,400.0,1128.0,141.0,8.0,28.0,80.0,0.0,0.0,78.0,8.0,
2025-12-10,Breakfast,1981.7,25.7,280.2,3.0,1.5,0.0,255.8,1369.3,2028.3,298.5,19.5,83.7,152.1,0.5,199.9,139.3,59.5,
2025-12-10,Dinner,860.0,13.0,6.0,0.0,0.0,0.0,70.0,1142.5,855.0,129.5,7.0,56.5,30.0,16.0,20.0,0.0,14.0,
2025-12-10,Lunch,1719.8,96.5,3.1,0.1,0.7,0.0,9.1,76.7,43.1,129.6,16.1,0.1,92.6,3.2,3.3,2.0,0.7,
2025-12-11,Breakfast,2187.5,25.2,14.1,1.5,0.8,0.0,251.9,1361.3,2026.2,330.2,15.4,68.5,169.4,0.3,100.0,153.2,41.8,
2025-12-11,Dinner,890.0,36.8,7.8,3.0,20.0,0.0,25.0,1475.0,695.0,117.5,17.5,12.5,35.0,0.0,0.0,30.5,41.7,
2025-12-11,Lunch,1289.0,11.5,5.0,0.0,0.0,0.0,25.0,1835.0,790.0,197.9,41.5,15.5,44.4,0.0,0.0,44.0,46.7,
2025-12-11,Snacks,270.0,22.5,3.8,4.5,12.0,0.0,0.0,187.5,285.0,12.0,3.0,4.5,10.5,0.0,0.0,3.0,4.2,
2025-12-12,Breakfast,1547.5,44.2,22.6,1.5,0.8,0.0,151.9,2391.3,1140.2,233.2,7.4,123.5,65.4,0.3,100.0,105.3,45.8,
2025-12-12,Dinner,2000.0,23.0,14.5,0.0,0.0,0.0,245.0,1500.0,1740.0,303.0,11.0,54.0,150.0,0.0,0.0,132.5,26.7,
2025-12-12,Lunch,1193.7,29.0,11.9,0.1,1.0,0.2,213.8,1687.5,688.4,88.8,2.0,6.2,80.9,0.0,0.0,17.3,20.0,
2025-12-13,Breakfast,1037.5,37.2,18.6,2.5,0.8,0.0,101.9,1361.3,500.2,137.7,9.4,32.0,40.4,0.3,100.0,45.2,55.8,
2025-12-13,Dinner,2032.6,100.2,34.9,25.4,29.5,0.5,383.0,2499.5,1684.4,116.4,6.6,13.7,134.2,81.5,10.1,18.9,70.3,
2025-12-13,Lunch,1587.0,36.5,15.0,0.0,0.0,0.0,230.0,1100.0,758.0,210.7,3.5,101.0,92.7,0.0,0.0,113.6,13.5,
2025-12-14,Breakfast,825.5,30.4,19.6,0.6,0.4,0.0,5.0,753.8,112.4,77.7,5.7,11.1,60.9,0.0,0.0,31.0,32.8,
2025-12-14,Dinner,2636.7,67.3,16.0,0.0,0.0,0.0,161.7,1216.7,1060.0,341.0,14.7,89.7,176.3,0.0,0.0,107.3,27.5,
2025-12-14,Lunch,910.0,17.5,10.5,0.0,0.0,0.0,215.0,900.0,360.0,124.0,0.0,79.0,70.0,0.0,0.0,95.0,4.4,
2025-12-15,Breakfast,885.0,16.4,7.2,3.0,1.5,0.0,8.8,612.6,680.3,111.5,14.8,44.0,83.8,0.5,199.9,81.3,63.5,
2025-12-15,Dinner,817.4,49.5,23.8,0.0,0.0,0.0,0.0,656.1,678.0,100.6,35.0,43.8,23.2,0.0,0.0,14.6,14.6,
2025-12-15,Lunch,2538.9,95.8,8.5,0.0,0.0,0.0,82.2,922.2,873.3,310.3,16.2,99.2,123.1,0.0,0.0,63.8,3.7,
2025-12-16,Breakfast,937.5,20.2,11.1,1.5,0.8,0.0,11.9,771.3,340.2,87.2,13.4,23.5,109.4,0.3,100.0,70.7,49.8,
2025-12-16,Dinner,1540.0,89.0,21.0,4.5,30.0,0.0,75.0,580.0,1426.0,119.0,8.5,101.0,81.0,0.0,0.0,85.2,21.6,
2025-12-16,Lunch,2413.0,42.4,21.5,4.1,4.0,0.0,235.0,1370.5,2217.5,398.5,20.0,51.1,110.0,0.0,105.3,156.5,59.0,
2025-12-17,Breakfast,937.5,20.2,11.1,1.5,0.8,0.0,11.9,771.3,340.2,87.2,13.4,23.5,109.4,0.3,100.0,70.7,49.8,
2025-12-17,Dinner,1963.0,40.4,24.5,0.1,0.0,0.0,265.0,1490.5,2057.5,296.5,4.0,53.1,103.0,0.0,105.3,196.5,19.0,
2025-12-17,Lunch,1890.0,101.5,49.0,3.0,1.5,0.0,1420.0,4280.0,187.0,170.0,51.0,36.5,121.0,0.0,0.0,30.0,37.0,
2025-12-18,Breakfast,885.0,16.4,7.2,3.0,1.5,0.0,8.8,612.6,680.3,111.5,14.8,44.0,83.8,0.5,199.9,81.3,63.5,
2025-12-18,Dinner,1990.5,33.1,19.6,0.2,0.0,0.0,235.0,1381.0,2169.7,331.9,9.0,75.8,91.9,0.0,234.1,158.6,21.4,
2025-12-18,Lunch,1884.5,95.8,47.1,3.1,1.5,0.0,1400.0,3970.0,564.7,183.8,53.0,38.6,103.9,0.0,68.6,28.6,41.0,
2025-12-19,Breakfast,607.5,12.2,6.1,1.5,0.8,0.0,6.9,461.3,340.2,66.2,9.4,22.5,64.4,0.3,100.0,50.7,37.8,
2025-12-19,Dinner,341.4,7.9,5.3,0.4,2.5,0.4,26.5,47.0,101.5,33.1,0.0,32.6,2.4,5.4,1.1,8.1,0.4,
2025-12-19,Lunch,3617.5,98.9,26.9,0.1,8.0,0.1,435.5,4231.4,3141.0,503.1,32.2,84.9,210.8,9.9,32.7,152.6,54.5,
2025-12-21,Breakfast,943.3,33.2,20.7,0.1,0.0,0.0,121.3,707.5,1652.2,66.6,6.0,38.4,94.3,0.0,23.6,146.2,12.8,
2025-12-21,Dinner,129.0,5.0,2.3,0.0,0.0,0.0,0.0,4.8,0.0,20.1,0.3,14.3,1.2,0.0,0.0,0.0,0.0,
2025-12-21,Lunch,1609.8,67.8,17.6,0.0,0.4,0.0,1.5,2099.4,270.3,220.3,8.8,119.8,40.5,0.4,15.2,9.9,25.4,
2025-12-22,Breakfast,892.9,18.7,9.6,0.2,0.1,0.0,180.0,591.0,1395.4,91.9,7.3,65.3,92.6,0.0,47.2,74.4,4.0,
2025-12-22,Lunch,827.5,42.7,20.5,3.2,7.1,0.1,136.8,1666.1,481.2,77.5,6.0,14.7,26.1,13.0,12.1,41.3,17.6,
2025-12-23,Breakfast,730.0,36.0,16.0,0.0,0.0,0.0,60.0,680.0,40.0,89.0,3.0,19.0,15.0,0.0,0.0,15.0,28.0,
2025-12-24,Breakfast,1390.0,59.5,22.5,0.0,0.0,0.0,230.0,2250.0,595.0,131.0,7.0,50.0,88.0,0.0,0.0,96.3,40.0,
2025-12-24,Dinner,1662.5,80.1,31.5,0.6,1.2,0.0,71.0,2924.3,88.1,153.7,9.4,71.0,41.5,71.1,12.0,29.1,38.1,
2025-12-24,Lunch,1465.4,65.9,16.6,19.7,9.9,0.0,190.9,1617.1,1173.2,117.2,7.9,72.3,114.8,36.3,112.4,102.8,31.2,
2025-12-27,Breakfast,400.0,18.0,2.5,0.0,0.0,0.0,165.0,1100.0,0.0,26.0,0.0,6.0,34.0,0.0,0.0,0.0,0.0,
2025-12-28,Breakfast,370.0,18.0,2.5,0.0,0.0,0.0,165.0,500.0,0.0,20.0,0.0,0.0,34.0,0.0,0.0,0.0,0.0,
2025-12-28,Dinner,1958.7,24.8,14.2,1.6,0.8,0.0,198.6,1318.0,2354.9,289.0,18.1,87.8,153.6,0.3,123.6,152.1,46.9,
2025-12-28,Lunch,2090.0,113.5,50.5,0.0,0.0,0.0,580.0,2600.0,250.0,158.0,5.0,87.0,122.0,0.0,0.0,114.8,8.0,
2025-12-29,Breakfast,1207.5,23.7,11.6,1.5,0.8,0.0,216.9,1211.3,402.2,171.2,7.4,100.5,89.4,0.3,100.0,129.9,25.8,
2025-12-29,Dinner,971.3,19.6,10.5,0.0,0.0,0.0,215.0,1063.8,191.0,136.0,3.3,86.6,70.5,0.0,32.6,100.3,0.8,
2025-12-29,Lunch,1452.6,45.1,12.3,4.6,2.3,0.0,1115.8,1474.0,1170.5,205.7,56.2,69.5,104.1,0.8,299.9,107.0,85.6,
2025-12-30,Breakfast,619.5,22.8,10.1,0.1,0.0,0.0,125.0,520.0,1036.7,53.8,4.0,29.6,58.4,0.0,23.6,80.1,11.1,
2025-12-30,Dinner,1901.3,22.1,11.5,1.0,1.0,0.0,245.0,1393.8,1930.0,322.0,19.3,47.6,99.5,0.0,32.6,93.2,40.8,
2025-12-30,Lunch,1820.0,115.0,43.5,2.0,6.0,0.0,300.0,4250.0,560.0,157.0,40.0,31.0,77.0,0.0,0.0,21.0,22.2,
2025-12-30,Snacks,277.5,4.2,1.1,1.5,0.8,0.0,1.9,151.3,340.2,45.2,5.4,21.5,19.4,0.3,100.0,30.7,25.8,
2025-12-31,Breakfast,2055.0,102.4,41.2,5.0,7.5,0.0,263.8,3972.6,2140.3,219.5,60.8,80.0,106.8,0.5,199.9,82.3,87.0,
2025-12-31,Dinner,587.6,6.3,4.1,0.1,0.0,0.0,40.0,200.3,949.4,47.8,6.0,32.6,41.4,0.0,23.6,39.6,4.1,
2025-12-31,Lunch,1804.8,17.8,10.5,0.0,0.0,0.0,171.7,1382.0,220.7,317.0,0.7,107.7,53.3,0.0,0.0,91.3,11.2,
2026-01-01,Breakfast,1719.5,28.2,12.8,3.1,1.5,0.0,218.8,1362.6,1127.0,243.3,14.8,140.6,109.7,0.5,223.5,161.1,51.5,
2026-01-01,Dinner,996.3,44.1,25.5,0.0,0.0,0.0,465.0,698.8,2487.0,72.0,1.3,69.6,71.0,0.0,32.6,186.3,12.8,
2026-01-01,Lunch,1833.3,52.7,13.5,0.0,0.0,0.0,128.3,2813.3,2318.0,246.0,52.3,46.3,140.7,0.0,0.0,101.7,49.2,
2026-01-02,Breakfast,947.1,12.9,3.4,4.7,2.3,0.0,5.8,454.0,1405.2,162.5,18.2,83.1,59.0,0.8,323.5,92.6,77.3,
2026-01-02,Lunch,2259.4,112.8,7.5,5.9,11.1,0.0,299.8,1655.6,1172.0,132.6,18.0,1.3,184.4,1.1,0.0,59.8,17.2,
2026-01-03,Breakfast,1404.5,30.8,13.6,0.1,0.0,0.0,615.0,2200.0,974.7,184.8,20.0,103.6,106.9,0.0,23.6,107.0,16.4,
2026-01-03,Dinner,1795.6,21.0,13.3,0.2,0.1,0.0,196.7,1166.7,2399.4,270.6,14.7,85.0,135.0,0.0,47.2,122.0,21.1,
2026-01-03,Lunch,1540.0,82.0,38.0,4.0,7.0,0.0,400.0,4560.0,760.0,127.0,34.0,35.0,94.0,0.0,0.0,23.0,23.3,
2026-01-04,Breakfast,1516.7,17.8,10.5,0.0,0.0,0.0,171.7,1366.7,220.0,292.0,0.7,87.7,53.3,0.0,0.0,88.3,11.1,
2026-01-04,Dinner,290.0,11.0,6.0,0.0,0.0,0.0,0.0,330.0,213.0,29.0,2.0,17.0,20.0,0.0,0.0,4.1,22.2,
2026-01-04,Lunch,2448.9,121.7,45.3,4.2,7.1,0.0,400.0,4960.0,1991.4,246.6,52.0,76.3,141.7,0.0,47.2,66.4,50.0,
2026-01-05,Breakfast,980.5,11.3,6.1,0.1,0.0,0.0,0.0,330.0,597.7,61.8,4.0,35.6,21.9,0.0,23.6,4.7,22.2,
2026-01-05,Dinner,1932.8,97.4,31.2,5.8,10.0,4.5,268.0,2127.8,961.8,177.9,13.2,27.5,114.1,9.0,22.5,77.9,41.0,
2026-01-05,Lunch,1325.0,43.0,7.0,2.0,1.0,0.0,20.0,2445.9,1629.0,179.0,48.0,25.9,74.1,0.0,0.0,38.5,56.0,
2026-01-06,Breakfast,2092.3,102.7,33.3,5.9,10.0,4.5,228.0,2277.8,995.5,224.7,18.2,53.1,95.0,9.0,46.1,43.6,59.2,
2026-01-06,Dinner,1832.5,32.3,19.6,0.1,0.0,0.0,235.0,1367.5,1788.0,296.0,3.5,52.3,90.0,0.0,65.3,157.3,18.2,
2026-01-06,Lunch,776.3,16.1,9.0,0.0,0.0,0.0,200.0,703.8,1037.0,52.0,14.3,36.6,110.5,0.0,32.6,93.8,6.8,
2026-01-07,Breakfast,519.0,11.6,6.2,0.2,0.0,0.0,0.0,330.0,982.4,82.6,6.0,54.2,21.8,0.0,47.2,5.3,22.2,
2026-01-07,Dinner,2715.0,56.0,28.5,0.0,0.0,0.0,455.0,3237.7,2361.0,323.0,19.0,46.7,164.3,0.0,0.0,194.2,35.1,
2026-01-07,Lunch,1480.0,94.0,39.0,1.0,0.0,0.0,250.0,3760.0,1060.0,143.0,46.0,19.0,66.0,0.0,0.0,27.0,32.2,
2026-01-08,Breakfast,789.5,22.3,12.1,0.1,0.0,0.0,0.0,660.0,810.7,87.8,6.0,52.6,41.4,0.0,23.6,8.8,44.4,
2026-01-08,Lunch,3940.0,158.5,53.0,6.5,31.0,0.0,485.0,4640.0,1832.0,497.0,64.0,57.0,170.0,0.0,0.0,100.2,75.6,
2026-01-09,Breakfast,1550.0,91.0,43.0,1.0,0.0,0.0,200.0,2850.0,853.0,170.0,48.0,34.0,64.0,0.0,0.0,29.1,54.4,
2026-01-09,Dinner,591.5,11.0,3.0,0.0,0.0,0.0,15.5,1237.2,561.0,35.0,2.0,4.7,6.3,0.0,0.0,3.0,12.0,
2026-01-09,Lunch,1954.9,104.2,23.7,16.3,14.9,0.0,285.3,240.2,1751.7,118.8,13.0,45.6,128.5,30.4,58.6,5.9,6.7,
2026-01-10,Breakfast,780.0,37.0,17.0,0.0,0.0,0.0,330.0,620.0,208.0,104.0,18.0,42.0,24.0,0.0,0.0,7.2,52.0,
2026-01-10,Dinner,2084.5,92.3,38.1,5.1,8.0,0.0,220.0,5300.0,1144.7,221.8,43.0,58.6,120.9,0.0,23.6,128.6,60.0,
2026-01-10,Lunch,1830.0,33.0,19.5,0.0,0.0,0.0,235.0,1360.0,1670.0,294.0,6.0,49.0,90.0,0.0,0.0,157.0,20.0,
2026-01-11,Breakfast,809.0,22.6,12.2,0.2,0.0,0.0,0.0,660.0,1195.4,111.6,8.0,71.2,41.8,0.0,47.2,9.4,44.4,
2026-01-11,Lunch,3620.0,131.0,55.5,5.0,8.0,0.0,445.0,6160.0,2430.0,469.0,47.0,68.0,190.0,0.0,0.0,196.6,92.0,
2026-01-12,Breakfast,1290.0,43.0,9.0,3.0,2.0,0.0,0.0,2950.0,613.0,181.0,39.0,27.0,82.0,0.0,0.0,28.1,82.2,
2026-01-12,Dinner,1946.7,52.3,18.0,0.0,0.0,0.0,196.7,1446.7,596.0,231.0,16.7,53.7,149.3,0.0,0.0,118.5,38.2,
2026-01-12,Lunch,1118.8,0.0,0.0,0.0,0.0,0.0,0.0,0.0,0.0,47.4,0.0,0.0,1.0,0.0,0.0,0.0,0.0,
2026-01-13,Breakfast,744.5,24.8,5.1,2.1,2.0,0.0,70.0,320.0,883.7,90.8,14.0,25.6,43.9,0.0,23.6,20.3,28.0,
2026-01-13,Dinner,1960.0,34.0,11.5,2.0,2.0,0.0,885.0,1280.0,750.0,330.0,14.0,33.0,85.0,0.0,0.0,37.0,40.0,
2026-01-13,Lunch,2144.5,100.3,29.1,3.1,2.0,0.0,147.5,4455.0,1588.7,224.8,43.0,53.6,117.9,0.0,23.6,59.0,91.0,
2026-01-14,Breakfast,290.0,11.0,6.0,0.0,0.0,0.0,0.0,330.0,213.0,29.0,2.0,17.0,20.0,0.0,0.0,4.1,22.2,
2026-01-14,Dinner,1480.0,26.5,12.0,4.0,4.0,0.0,100.0,1010.0,770.0,195.0,33.5,69.0,121.5,0.0,0.0,93.0,56.1,
2026-01-14,Lunch,2740.0,150.0,28.5,3.0,2.0,0.0,852.5,4055.0,801.0,231.0,47.0,17.0,152.0,0.0,0.0,54.3,65.5,
2026-01-15,Breakfast,560.0,18.0,12.0,0.0,0.0,0.0,0.0,680.0,300.0,62.0,8.0,34.0,40.0,0.0,0.0,12.0,40.0,
2026-01-15,Dinner,1970.0,17.8,6.2,3.3,3.3,0.0,145.0,1060.0,1366.7,385.0,25.8,44.3,70.2,0.0,0.0,38.0,55.0,
2026-01-15,Lunch,1966.0,114.0,29.2,4.3,11.6,0.0,820.0,3565.3,468.1,169.0,43.0,18.0,98.0,0.0,0.0,64.4,60.4,
2026-01-16,Breakfast,1950.0,86.0,28.5,3.0,2.0,0.0,60.0,3780.0,751.0,217.0,45.0,47.0,111.0,0.0,0.0,66.3,100.0,
2026-01-16,Dinner,2071.7,58.3,22.3,2.0,2.0,0.0,1246.7,1546.7,1126.5,267.5,21.2,40.2,111.3,0.0,0.0,58.5,36.1,
2026-01-16,Lunch,287.0,0.3,0.1,0.1,0.0,0.0,0.0,0.0,384.7,32.1,2.0,18.6,1.1,0.0,23.6,0.6,0.0,
2026-01-17,Breakfast,1314.5,66.3,12.1,0.1,0.0,0.0,0.0,680.0,684.7,94.8,10.0,52.6,85.9,0.0,23.6,12.6,40.0,
2026-01-17,Dinner,1855.0,33.0,19.5,0.0,0.0,0.0,235.0,1390.0,1850.0,299.0,8.0,51.0,91.0,0.0,0.0,157.0,20.0,
2026-01-17,Lunch,1574.5,60.3,19.6,0.1,0.0,0.0,180.0,2000.0,435.7,59.0,2.0,37.6,53.9,0.0,23.6,30.9,0.0,
2026-01-18,Breakfast,1774.5,20.6,10.1,2.1,2.0,0.0,96.7,1406.7,1548.0,301.8,19.7,62.3,91.9,0.0,23.6,31.9,54.4,
2026-01-18,Dinner,1929.5,86.3,24.1,3.1,2.0,0.0,1300.0,3510.0,1358.7,195.8,45.0,36.6,113.9,0.0,23.6,44.8,60.0,
2026-01-18,Lunch,700.0,15.0,10.0,0.0,0.0,0.0,100.0,500.0,0.0,45.0,10.0,35.0,100.0,0.0,0.0,90.0,11.1,
2026-01-19,Breakfast,1529.5,84.3,33.9,0.1,0.0,0.0,190.0,2080.0,744.2,100.3,10.0,56.1,95.4,0.0,23.6,48.0,40.0,
2026-01-19,Dinner,1436.7,14.8,5.5,2.0,2.0,0.0,166.7,906.7,1031.0,257.0,18.7,32.7,71.3,0.0,0.0,42.4,34.4,
2026-01-19,Lunch,1495.0,42.0,5.0,3.0,2.0,0.0,0.0,2340.0,1200.0,166.0,48.0,16.0,54.0,0.0,0.0,26.0,48.9,
2026-01-20,Breakfast,960.0,33.0,17.0,0.0,0.0,0.0,180.0,1230.0,150.0,104.0,5.0,56.0,66.0,0.0,0.0,6.0,20.0,
2026-01-20,Dinner,1556.0,23.0,6.7,1.3,9.6,0.0,147.5,1005.3,630.1,287.0,8.0,34.0,53.0,0.0,0.0,37.0,23.7,
2026-01-20,Lunch,2330.3,90.9,22.4,10.4,11.4,3.8,373.3,3603.3,924.8,302.8,37.6,19.9,128.9,6.0,0.0,51.6,43.3,
2026-01-21,Breakfast,1990.3,89.9,27.4,7.4,9.4,3.8,213.3,2243.3,578.8,231.8,5.6,28.9,86.9,6.0,0.0,38.8,41.1,
2026-01-21,Dinner,1703.3,24.2,12.0,0.0,0.0,0.0,265.8,1458.3,1212.0,281.0,22.3,135.3,94.7,0.0,0.0,110.9,24.5,
2026-01-21,Lunch,850.0,42.0,0.0,0.0,0.0,0.0,0.0,60.0,360.0,74.0,12.0,4.0,48.0,0.0,0.0,0.0,0.0,
2026-01-22,Breakfast,2080.0,97.0,30.5,3.0,2.0,0.0,90.0,3900.0,1731.0,233.0,56.0,53.5,117.0,0.0,0.0,68.3,92.2,
2026-01-22,Dinner,1542.8,22.8,11.6,0.1,0.0,0.0,148.3,1235.8,1434.7,210.8,24.8,87.4,128.6,0.0,23.6,119.3,32.5,
2026-01-22,Lunch,840.0,20.5,11.5,0.0,0.0,0.0,75.0,860.0,0.0,144.0,0.0,96.0,22.0,0.0,0.0,61.0,4.0,
2026-01-23,Breakfast,1317.8,58.9,29.0,6.5,13.0,0.0,54.0,1248.8,483.6,148.2,11.8,75.0,51.1,0.0,3.6,30.2,63.8,
2026-01-23,Lunch,3002.0,176.0,46.0,10.0,23.0,0.0,485.0,5410.0,1070.0,149.6,14.0,50.0,126.6,0.0,0.0,0.0,0.0,
2026-01-24,Breakfast,813.5,25.8,10.5,2.2,9.0,0.0,22.4,621.7,1002.0,122.3,10.4,54.4,25.4,0.3,47.5,14.0,25.3,
2026-01-24,Dinner,840.0,36.0,18.0,0.0,0.0,0.0,90.0,1410.0,780.0,90.0,6.0,9.0,39.0,0.0,0.0,96.0,33.3,
2026-01-24,Lunch,2520.0,119.8,49.8,3.0,2.0,0.0,380.0,4210.0,1246.5,295.5,49.5,99.0,121.5,0.0,0.0,129.7,48.9,
2026-01-24,Snacks,1155.0,0.0,0.0,0.0,0.0,0.0,0.0,0.0,0.0,63.0,0.0,0.0,0.0,0.0,0.0,0.0,0.0,
2026-01-25,Breakfast,930.0,19.5,10.5,0.0,0.0,0.0,215.0,1060.0,62.0,126.0,2.0,79.0,70.0,0.0,0.0,99.2,0.0,
2026-01-25,Dinner,420.0,9.0,6.0,0.0,0.0,0.0,60.0,300.0,0.0,27.0,6.0,21.0,60.0,0.0,0.0,54.0,6.7,
2026-01-25,Lunch,1665.0,81.0,34.3,1.5,1.0,0.0,190.0,3460.0,913.5,175.5,24.0,31.5,67.5,0.0,0.0,107.7,27.8,
2026-01-25,Snacks,905.0,0.0,0.0,0.0,0.0,0.0,0.0,0.0,0.0,52.6,0.0,0.0,0.7,0.0,0.0,0.0,0.0,
2026-01-26,Breakfast,1828.9,85.7,38.3,2.2,1.1,0.0,200.0,3470.0,1129.4,215.6,39.0,54.3,73.7,0.0,47.2,30.2,61.1,
2026-01-26,Dinner,2950.0,75.0,41.5,0.0,0.0,0.0,365.0,2970.0,2450.0,402.0,16.0,72.0,169.0,0.0,0.0,289.0,57.7,
2026-01-26,Snacks,140.0,2.5,2.5,0.0,0.0,0.0,0.0,100.0,0.0,14.0,0.0,7.0,17.0,0.0,0.0,7.8,22.2,
2026-01-27,Breakfast,1080.0,51.0,6.0,0.0,0.0,0.0,0.0,200.0,234.0,95.0,11.0,17.0,66.0,0.0,0.0,4.2,22.2,
2026-01-27,Dinner,2075.0,74.3,36.6,0.0,0.0,0.0,616.3,2760.0,2977.5,235.5,17.3,86.8,122.5,0.0,0.0,225.4,66.3,
2026-01-27,Lunch,1130.0,27.0,15.5,0.0,0.0,0.0,215.0,635.0,912.0,151.0,2.0,99.0,70.0,0.0,0.0,94.2,2.8,
2026-01-27,Snacks,420.0,0.0,0.0,0.0,0.0,0.0,0.0,30.0,0.0,12.0,0.0,0.0,0.0,0.0,0.0,0.0,0.0,
2026-01-28,Breakfast,1970.0,120.0,46.0,2.0,1.0,0.0,940.0,3542.5,1665.0,175.5,49.0,26.0,89.5,0.0,0.0,42.2,75.5,
2026-01-28,Dinner,1700.0,13.0,7.5,0.0,0.0,0.0,285.0,1200.0,690.0,298.0,13.0,45.0,102.0,0.0,0.0,65.0,21.1,
2026-01-28,Lunch,850.0,20.0,12.5,0.0,0.0,0.0,75.0,275.0,850.0,145.0,0.0,95.0,20.0,0.0,0.0,60.0,2.8,
2026-01-29,Breakfast,1224.5,25.3,15.6,0.1,0.0,0.0,215.0,475.0,1594.7,175.8,2.0,117.6,70.9,0.0,23.6,90.6,7.2,
2026-01-29,Dinner,1870.0,51.0,27.5,0.0,0.0,0.0,285.0,1605.0,1210.0,229.0,8.0,118.0,101.0,0.0,0.0,155.0,27.2,
2026-01-29,Lunch,1647.5,96.0,17.0,0.0,0.0,0.0,250.0,2620.0,0.0,79.0,3.0,34.0,61.0,0.0,0.0,0.0,0.0,
2026-01-30,Breakfast,1510.0,43.5,15.5,0.0,0.0,0.0,215.0,475.0,1280.0,202.0,2.5,105.0,76.5,0.0,0.0,91.0,8.9,
2026-01-30,Dinner,1080.0,62.0,24.5,1.0,0.5,0.0,1540.0,1470.0,660.0,49.0,17.0,5.0,73.0,0.0,0.0,67.4,56.1,
2026-01-30,Lunch,1933.3,24.0,5.5,0.0,0.0,0.0,145.0,2060.0,2143.3,287.0,15.0,25.0,129.7,0.0,0.0,55.0,36.1,
2026-01-31,Breakfast,1110.0,25.0,15.5,0.0,0.0,0.0,215.0,475.0,1210.0,149.0,0.0,99.0,70.0,0.0,0.0,90.0,7.2,
2026-01-31,Dinner,334.5,11.3,6.1,0.1,0.0,0.0,30.0,260.0,584.7,44.8,7.0,30.6,11.9,0.0,23.6,30.6,4.4,
2026-01-31,Lunch,1980.0,76.0,36.0,0.0,0.0,0.0,180.0,2750.0,720.0,72.0,3.0,12.0,64.0,0.0,0.0,136.0,17.8,
2026-02-01,Breakfast,1110.0,25.0,15.5,0.0,0.0,0.0,215.0,475.0,1210.0,149.0,0.0,99.0,70.0,0.0,0.0,90.0,7.2,
2026-02-01,Dinner,979.0,36.6,11.7,1.2,0.5,0.0,400.0,1370.0,1349.4,116.6,31.0,43.2,64.8,0.0,47.2,48.2,27.2,
2026-02-01,Lunch,2080.0,102.0,12.0,0.0,0.0,0.0,60.0,270.0,870.0,188.0,16.0,48.0,110.0,0.0,0.0,63.0,1.7,
2026-02-02,Breakfast,2939.2,145.1,40.5,36.0,15.0,4.5,291.3,2504.3,1405.9,242.3,3.1,49.4,109.2,0.9,1.3,95.2,33.5,
2026-02-02,Dinner,1123.3,13.7,5.5,2.0,2.0,0.0,188.3,593.3,1250.0,172.0,17.3,28.3,79.7,0.0,0.0,43.7,33.3,
2026-02-02,Lunch,300.0,11.0,6.0,0.5,0.0,0.0,30.0,690.0,120.0,51.0,20.0,4.0,18.0,0.0,0.0,32.0,10.5,
2026-02-03,Breakfast,2229.2,129.1,29.5,36.5,15.0,4.5,111.3,2554.3,525.9,249.3,23.1,17.4,55.2,0.9,1.3,27.2,37.4,
2026-02-03,Dinner,910.0,45.0,14.0,0.5,0.0,0.0,770.0,1590.0,940.0,75.0,34.0,9.0,76.0,0.0,0.0,46.0,24.9,
2026-02-03,Lunch,1370.0,36.0,23.0,0.0,0.0,0.0,240.0,650.0,1950.0,129.0,5.0,96.0,81.2,0.0,0.0,137.0,10.5,
2026-02-04,Breakfast,1461.2,43.8,22.2,2.5,6.0,0.0,233.0,878.0,1012.8,192.6,3.4,123.8,74.1,0.0,1.2,101.1,12.0,
2026-02-04,Lunch,1270.0,55.0,27.0,0.5,0.0,0.0,150.0,2950.0,705.0,159.0,26.0,13.0,62.0,0.0,0.0,108.4,27.7,
2026-02-05,Breakfast,1400.0,41.0,21.5,0.0,0.0,0.0,275.0,965.0,912.0,183.0,3.0,114.0,73.0,0.0,0.0,94.2,2.8,
2026-02-05,Dinner,520.0,8.5,4.5,0.0,0.0,0.0,210.0,360.0,1040.0,34.0,9.0,22.0,78.0,0.0,0.0,47.0,10.0,
2026-02-05,Lunch,2599.2,139.1,35.5,36.5,15.0,4.5,141.3,2814.3,585.9,256.3,23.1,17.4,65.4,0.9,1.3,55.2,38.5,
2026-02-06,Breakfast,2209.2,138.1,35.5,36.0,15.0,4.5,141.3,2384.3,525.9,198.3,3.1,13.4,57.2,0.9,1.3,51.2,29.1,
2026-02-06,Dinner,740.0,10.0,2.0,0.0,0.0,0.0,120.0,277.0,300.0,92.0,7.0,17.0,72.0,0.0,0.0,6.0,4.0,
2026-02-06,Lunch,1711.2,56.8,29.2,2.5,6.0,0.0,233.0,1068.0,1310.8,221.6,2.4,132.8,78.1,2.0,1.2,96.9,22.4,
2026-02-07,Breakfast,1340.0,31.0,18.5,0.5,0.0,0.0,230.0,1035.0,1300.0,200.0,20.0,103.0,83.0,0.0,0.0,108.0,17.2,
2026-02-07,Dinner,1515.0,31.0,15.5,1.0,0.5,1.0,70.0,1720.0,1020.0,146.0,22.0,30.0,41.0,0.0,0.0,74.0,40.0,
2026-02-07,Lunch,1860.0,76.0,27.0,0.0,0.0,0.0,520.0,1937.0,0.0,168.0,2.0,51.0,132.0,0.0,0.0,67.0,24.0,
2026-02-08,Breakfast,1130.0,27.0,15.5,0.0,0.0,0.0,215.0,635.0,912.0,151.0,2.0,99.0,70.0,0.0,0.0,94.2,2.8,
2026-02-08,Dinner,1893.3,65.7,36.2,2.3,2.2,1.0,170.0,1836.7,2490.0,255.3,19.7,106.7,74.0,0.0,0.0,177.7,58.3,
2026-02-08,Lunch,1400.0,48.0,24.5,1.0,0.5,0.0,150.0,3220.0,1254.0,182.0,27.0,33.0,69.0,0.0,0.0,96.3,29.5,
2026-02-09,Breakfast,1046.7,23.1,13.6,0.7,0.3,0.0,110.0,638.3,905.5,179.2,11.8,99.3,38.5,0.0,0.0,71.9,10.6,
2026-02-09,Dinner,2290.0,100.0,29.0,0.0,0.0,0.0,980.0,1150.0,2012.0,198.0,19.0,100.0,153.0,0.0,0.0,141.2,6.1,
2026-02-09,Lunch,1020.0,36.0,18.0,0.0,0.0,0.0,120.0,2490.0,774.0,123.0,6.0,24.0,48.0,0.0,0.0,63.3,16.7,
2026-02-10,Breakfast,2150.0,63.0,33.5,0.0,0.0,0.0,335.0,3125.0,1686.0,274.0,8.0,123.0,118.0,0.0,0.0,157.5,19.5,
2026-02-10,Dinner,980.0,51.0,17.0,2.5,10.0,0.0,785.0,1590.0,570.0,112.0,44.0,12.0,57.0,0.0,0.0,50.0,20.6,
2026-02-10,Lunch,1460.0,15.3,2.7,5.3,5.3,0.0,50.0,325.0,1876.7,220.0,31.3,59.3,113.7,0.0,0.0,79.0,60.0,
2026-02-11,Breakfast,2365.0,63.3,32.7,3.3,3.3,0.0,430.0,1295.0,2580.7,280.0,22.3,133.3,170.2,0.0,0.0,230.4,39.4,
2026-02-11,Dinner,240.0,2.0,0.5,1.0,0.5,0.0,0.0,470.0,420.0,59.0,21.0,9.0,11.0,0.0,0.0,5.0,11.7,
2026-02-11,Lunch,1820.0,78.0,18.0,0.0,0.0,0.0,120.0,2490.0,774.0,187.0,14.0,24.0,94.0,0.0,0.0,63.3,16.7,
2026-02-12,Breakfast,3367.5,113.5,32.8,8.8,8.1,0.0,291.9,1111.3,3708.9,379.2,54.7,86.8,219.1,0.3,100.0,268.9,105.8,
2026-02-12,Dinner,233.3,0.0,0.0,0.0,0.0,0.0,0.0,30.0,180.0,11.7,2.0,5.3,1.0,0.0,0.0,0.0,0.0,
2026-02-12,Lunch,650.0,29.0,15.0,0.0,0.0,1.0,70.0,1250.0,600.0,67.0,1.0,11.0,30.0,0.0,0.0,69.0,28.3,
2026-02-13,Breakfast,1130.0,27.0,15.5,0.0,0.0,0.0,215.0,635.0,912.0,151.0,2.0,99.0,70.0,0.0,0.0,94.2,2.8,
2026-02-13,Dinner,1440.0,31.5,16.0,0.0,0.0,0.0,0.0,924.0,150.0,266.0,4.0,73.0,29.0,0.0,0.0,10.0,64.1,
2026-02-13,Lunch,2090.7,76.5,29.4,0.0,0.0,0.0,176.5,3882.4,1235.3,218.5,11.8,20.9,82.4,0.0,0.0,94.1,111.1,
2026-02-14,Breakfast,1315.0,29.0,15.5,0.0,0.0,0.0,215.0,665.0,1372.0,192.0,14.0,125.0,73.0,0.0,0.0,98.2,9.5,
2026-02-14,Dinner,1160.0,58.0,7.0,0.0,0.0,0.0,35.0,620.0,80.0,105.0,10.0,1.0,60.0,0.0,0.0,24.0,4.4,
2026-02-14,Lunch,2083.3,61.7,29.0,8.0,8.0,0.0,150.0,600.0,3433.3,276.0,40.3,50.0,106.7,0.0,0.0,203.3,76.7,
2026-02-15,Breakfast,1130.0,27.0,15.5,0.0,0.0,0.0,215.0,635.0,912.0,151.0,2.0,99.0,70.0,0.0,0.0,94.2,2.8,
2026-02-15,Dinner,1835.0,57.0,28.0,6.0,6.0,0.0,150.0,630.0,3360.0,233.0,36.0,56.0,98.0,0.0,0.0,204.0,60.0,
2026-02-15,Lunch,1450.0,71.0,15.0,0.0,0.0,1.0,70.0,1250.0,600.0,131.0,9.0,11.0,76.0,0.0,0.0,69.0,28.3,
2026-02-16,Breakfast,600.0,26.0,13.0,0.0,0.0,0.0,80.0,1700.0,0.0,63.0,2.0,6.0,30.0,0.0,0.0,29.0,20.0,
2026-02-16,Dinner,1506.7,22.3,12.0,0.5,0.0,0.0,266.7,1696.7,1142.0,252.0,30.7,30.7,97.3,0.0,0.0,66.5,21.1,
2026-02-16,Lunch,1750.0,90.0,45.0,0.0,0.0,0.0,200.0,4200.0,1000.0,145.0,10.0,15.0,80.0,0.0,0.0,130.0,69.4,
2026-02-16,Snacks,500.0,0.0,0.0,0.0,0.0,0.0,0.0,0.0,0.0,20.0,0.0,5.0,0.0,0.0,0.0,0.0,0.0,
2026-02-17,Breakfast,1130.0,27.0,15.5,0.0,0.0,0.0,215.0,635.0,912.0,151.0,2.0,99.0,70.0,0.0,0.0,94.2,2.8,
2026-02-17,Dinner,893.3,29.7,13.0,0.5,0.0,0.0,90.0,1910.0,373.3,146.0,30.3,32.0,35.7,0.0,0.0,28.3,35.6,
2026-02-17,Lunch,2690.0,94.5,43.5,7.0,7.0,1.0,220.0,2230.0,4398.0,310.0,37.0,53.0,162.0,0.0,0.0,278.6,101.6,
2026-02-18,Breakfast,1130.0,27.0,15.5,0.0,0.0,0.0,215.0,635.0,912.0,151.0,2.0,99.0,70.0,0.0,0.0,94.2,2.8,
2026-02-18,Dinner,1585.0,34.0,14.0,3.0,3.0,0.0,75.0,490.0,1964.0,174.0,21.0,36.0,64.5,0.0,0.0,107.8,33.9,
2026-02-18,Lunch,1750.0,90.0,45.0,0.0,0.0,0.0,200.0,4200.0,1000.0,145.0,10.0,15.0,80.0,0.0,0.0,130.0,69.4,
2026-02-19,Breakfast,1410.0,38.0,24.5,0.0,0.0,0.0,75.0,955.0,1150.0,207.0,8.0,129.0,60.0,0.0,0.0,72.0,42.8,
2026-02-19,Dinner,160.0,1.0,0.0,0.5,0.0,0.0,0.0,430.0,60.0,51.0,20.0,4.0,8.0,0.0,0.0,4.0,9.4,
2026-02-19,Lunch,2137.5,102.0,57.0,4.5,4.5,0.0,262.5,2115.0,3186.0,201.0,31.5,60.0,120.8,0.0,0.0,215.7,52.5,
2026-02-20,Breakfast,1130.0,27.0,15.5,0.0,0.0,0.0,215.0,635.0,912.0,151.0,2.0,99.0,70.0,0.0,0.0,94.2,2.8,
2026-02-20,Lunch,603.0,17.0,0.0,0.0,0.0,0.0,0.0,120.0,720.0,78.0,16.0,8.0,37.0,0.0,0.0,0.0,0.0,
2026-02-21,Breakfast,1875.0,54.0,26.5,3.0,3.0,0.0,150.0,765.0,2814.0,271.0,21.0,131.0,84.5,0.0,0.0,167.8,36.7,
2026-02-21,Dinner,906.7,43.3,0.0,0.0,0.0,0.0,0.0,0.0,186.7,88.0,14.7,16.0,47.3,0.0,0.0,2.7,4.4,
2026-02-21,Lunch,1920.0,78.0,30.0,0.0,0.0,0.0,180.0,3960.0,1260.0,216.0,12.0,18.0,84.0,0.0,0.0,96.0,113.3,
2026-02-22,Breakfast,837.5,34.7,19.7,2.9,4.5,0.0,59.2,1388.8,525.8,91.3,8.0,25.2,41.6,7.9,4.0,43.3,44.3,
2026-02-22,Dinner,500.0,0.0,0.0,0.0,0.0,0.0,50.0,325.0,850.0,40.0,0.0,30.0,85.0,0.0,0.0,75.0,0.0,
2026-02-22,Lunch,2731.3,85.3,42.4,10.1,15.7,0.0,317.3,3885.8,1947.4,351.6,15.8,120.6,138.6,27.7,14.0,207.4,85.8,
2026-02-24,Breakfast,1130.0,27.0,15.5,0.0,0.0,0.0,215.0,635.0,912.0,151.0,2.0,99.0,70.0,0.0,0.0,94.2,2.8,
2026-02-24,Dinner,3099.2,155.1,47.5,36.5,15.0,4.5,156.3,3591.3,955.9,338.3,11.6,64.4,109.2,0.9,1.3,50.2,75.3,
2026-02-24,Lunch,895.0,46.0,10.0,0.0,0.0,0.0,165.0,2560.0,0.0,67.0,9.0,6.0,48.0,0.0,0.0,0.0,0.0,
2026-02-25,Breakfast,2136.7,128.1,29.5,36.0,15.0,4.5,111.3,2124.3,465.9,198.3,3.1,13.4,47.2,0.9,1.3,23.2,28.0,
2026-02-25,Dinner,930.0,33.0,0.0,0.0,0.0,0.0,0.0,0.0,0.0,111.0,0.0,0.0,48.0,0.0,0.0,0.0,0.0,
2026-02-25,Lunch,640.0,3.5,1.5,0.0,0.0,0.0,120.0,505.0,881.0,43.0,1.0,32.0,110.0,0.0,0.0,92.1,0.0,
2026-02-26,Breakfast,1130.0,27.0,15.5,0.0,0.0,0.0,215.0,635.0,912.0,151.0,2.0,99.0,70.0,0.0,0.0,94.2,2.8,
2026-02-26,Dinner,1728.9,71.7,34.3,1.2,0.1,0.0,260.0,2600.0,2271.4,157.6,31.0,72.3,131.7,0.0,47.2,120.2,19.3,
2026-02-26,Lunch,1750.0,90.0,45.0,0.0,0.0,0.0,200.0,4200.0,1000.0,145.0,10.0,15.0,80.0,0.0,0.0,130.0,69.4,
2026-02-27,Breakfast,1280.0,30.0,18.0,0.0,0.0,0.0,245.0,690.0,1152.0,158.0,2.0,103.0,93.0,0.0,0.0,119.2,2.8,
2026-02-27,Lunch,3308.2,149.3,69.1,1.1,0.0,0.0,320.0,6672.7,2466.1,282.9,42.0,62.3,135.8,0.0,23.6,143.8,106.9,
2026-02-28,Breakfast,1438.9,28.7,15.8,0.2,0.1,0.0,215.0,635.0,1821.4,222.6,11.0,148.3,72.7,0.0,47.2,97.4,6.1,
2026-02-28,Dinner,1360.0,89.0,33.0,1.0,0.0,0.0,340.0,4040.0,652.0,65.0,24.0,13.0,95.0,0.0,0.0,38.2,20.0,
2026-02-28,Lunch,1800.0,90.0,45.0,0.0,0.0,0.0,200.0,4260.0,1360.0,155.0,14.0,19.0,82.0,0.0,0.0,130.0,69.4,
2026-03-01,Breakfast,580.0,24.0,3.5,2.0,2.0,0.0,0.0,282.5,768.5,70.0,14.0,7.5,30.0,0.0,0.0,6.2,30.0,
2026-03-01,Dinner,1880.0,83.5,32.0,1.0,0.0,0.0,530.0,3900.0,1414.0,216.0,33.0,29.0,86.0,0.0,0.0,75.6,102.0,
2026-03-01,Lunch,1930.0,72.5,12.0,0.0,0.0,0.0,215.0,1300.0,552.0,213.0,12.0,81.0,119.0,0.0,0.0,100.2,4.4,
2026-03-02,Breakfast,917.5,30.2,11.1,1.5,0.8,0.0,61.9,1471.3,760.2,117.2,9.4,27.5,47.4,0.3,100.0,62.7,63.6,
2026-03-02,Dinner,2080.1,97.8,20.7,7.0,17.0,0.0,462.5,3193.8,1726.8,172.8,14.8,33.5,112.0,0.0,23.6,28.4,48.3,
2026-03-03,Breakfast,1492.5,88.2,23.3,31.2,26.0,0.0,495.2,3601.6,1518.0,107.1,6.0,24.9,68.1,0.0,27.3,24.9,27.4,
2026-03-03,Lunch,974.5,17.3,5.1,0.1,0.0,0.0,150.0,920.0,906.7,116.8,16.0,40.6,90.9,0.0,23.6,72.8,41.1,
2026-03-03,Snacks,732.4,21.2,8.8,3.2,4.2,0.4,98.7,1110.1,616.4,118.7,1.7,77.0,18.7,6.8,3.7,6.1,9.3,
2026-03-04,Breakfast,1512.6,76.4,36.4,10.3,11.7,0.0,138.1,2037.6,848.5,91.0,5.0,12.0,101.2,12.0,41.0,66.6,14.0,
2026-03-04,Dinner,1832.3,75.7,10.6,0.0,0.0,0.0,37.9,423.9,207.6,216.4,13.0,64.3,54.5,0.0,15.0,17.3,14.4,
2026-03-04,Lunch,1154.9,32.0,10.4,1.9,5.0,0.0,251.7,1663.2,722.0,93.6,15.0,24.3,127.0,0.0,0.0,93.1,43.0,
2026-03-04,Snacks,280.0,0.0,0.0,0.0,0.0,0.0,0.0,0.0,10.0,25.0,0.0,23.0,0.0,0.0,0.0,2.0,0.0,
2026-03-05,Breakfast,2108.0,114.7,50.0,16.1,27.6,0.0,758.8,3117.3,1501.5,112.6,7.5,30.1,144.2,28.0,106.3,108.7,25.4,
2026-03-05,Lunch,660.0,15.0,5.0,0.0,0.0,0.0,150.0,460.0,362.0,64.0,12.0,6.0,70.0,0.0,0.0,42.2,33.3,
2026-03-05,Snacks,280.0,0.0,0.0,0.0,0.0,0.0,0.0,0.0,10.0,25.0,0.0,23.0,0.0,0.0,0.0,2.0,0.0,
2026-03-10,Breakfast,4300.0,183.0,50.5,0.0,0.0,0.0,585.0,7200.0,282.0,455.0,16.0,118.0,214.0,0.0,0.0,101.2,3.3,
2026-03-11,Breakfast,1422.0,27.5,14.7,1.6,0.8,0.0,216.9,1211.3,1006.9,215.0,12.4,131.1,91.3,0.3,123.6,132.5,29.1,
2026-03-11,Dinner,1920.0,78.0,30.0,0.0,0.0,0.0,180.0,3960.0,1260.0,216.0,12.0,18.0,84.0,0.0,0.0,96.0,113.3,
2026-03-11,Lunch,160.0,2.0,0.0,0.0,0.0,0.0,0.0,560.0,40.0,56.0,32.0,4.0,8.0,0.0,0.0,4.0,8.9,
2026-03-16,Breakfast,1504.5,32.8,18.6,0.1,0.0,0.0,215.0,1195.0,1556.7,250.8,39.0,133.6,79.9,0.0,23.6,100.8,14.9,
2026-03-16,Dinner,490.0,12.5,3.5,3.0,1.0,0.0,220.0,990.0,420.0,9.0,2.5,5.0,86.0,0.0,0.0,34.2,5.3,
2026-03-16,Lunch,2069.2,128.1,29.5,36.0,15.0,4.5,111.3,2124.3,465.9,198.3,3.1,13.4,47.2,0.9,1.3,23.2,28.0,
2026-03-16,Snacks,340.0,0.0,0.0,0.0,0.0,0.0,0.0,30.0,200.0,24.0,0.0,0.0,0.0,0.0,0.0,0.0,0.0,
2026-03-17,Breakfast,2329.2,131.6,30.0,37.0,15.0,4.5,196.3,2994.3,863.9,228.3,19.1,16.4,87.2,0.9,1.3,25.2,37.7,
2026-03-17,Dinner,150.0,8.0,5.0,0.0,0.0,0.0,30.0,120.0,400.0,6.0,0.0,6.0,13.0,0.0,0.0,40.0,0.0,
2026-03-17,Lunch,1734.5,35.3,20.1,0.1,0.0,0.0,285.0,1110.0,1667.7,237.8,24.0,133.6,100.9,0.0,23.6,115.9,10.5,
2026-03-18,Breakfast,1444.5,42.8,21.6,2.1,1.0,0.0,100.0,1630.0,2064.7,203.8,51.5,66.6,90.9,0.0,23.6,100.6,68.8,
2026-03-18,Dinner,2040.0,96.0,30.0,0.0,0.0,0.0,240.0,4260.0,0.0,210.0,6.0,0.0,90.0,0.0,0.0,90.0,90.0,
2026-03-18,Lunch,800.0,42.0,0.0,0.0,0.0,0.0,0.0,0.0,0.0,64.0,8.0,0.0,46.0,0.0,0.0,0.0,0.0,
2026-03-19,Breakfast,1650.0,43.0,26.0,0.0,0.0,0.0,285.0,1155.0,1313.0,202.0,10.0,130.0,116.0,0.0,0.0,119.3,26.1,
2026-03-19,Lunch,360.0,7.0,1.7,0.0,0.0,0.0,100.0,2093.3,1673.3,59.3,32.0,5.7,41.3,0.0,0.0,4.0,8.9,
2026-03-19,Snacks,2340.0,96.0,30.0,0.0,0.0,0.0,240.0,4675.0,230.0,256.0,6.0,34.0,90.0,0.0,0.0,90.0,90.0,
2026-03-20,Breakfast,1360.0,64.0,20.0,0.0,0.0,0.0,160.0,2840.0,0.0,140.0,4.0,0.0,60.0,0.0,0.0,60.0,60.0,
2026-03-20,Lunch,1750.0,42.0,22.0,0.0,0.0,0.0,295.0,915.0,1463.0,229.0,16.0,115.0,116.0,0.0,0.0,121.3,39.4,
2026-03-22,Breakfast,590.0,12.5,2.3,5.0,3.0,0.0,80.0,1976.7,1146.7,102.7,36.5,9.8,49.7,0.0,0.0,18.0,25.5,
2026-03-22,Dinner,2803.4,89.7,20.7,5.0,6.6,0.0,474.8,1869.3,1888.3,306.0,19.0,135.0,196.3,0.8,0.0,112.7,27.9,
2026-03-22,Lunch,680.0,32.0,10.0,0.0,0.0,0.0,80.0,1420.0,0.0,70.0,2.0,0.0,30.0,0.0,0.0,30.0,30.0,
2026-03-22,Snacks,200.0,11.0,1.5,0.0,0.0,0.0,0.0,170.0,500.0,23.0,2.0,2.0,3.0,0.0,0.0,1.0,5.0,
2026-03-24,Breakfast,1005.0,39.5,8.3,2.0,2.0,0.0,210.0,750.0,665.0,73.5,15.5,12.5,97.0,0.0,0.0,59.4,23.1,
2026-03-24,Dinner,2130.0,97.0,48.5,0.0,0.0,0.0,445.0,5390.0,1214.0,147.0,10.0,16.0,149.0,0.0,0.0,130.0,72.7,
2026-03-25,Breakfast,1650.0,36.5,18.0,2.0,2.0,0.0,285.0,815.0,1383.0,226.0,16.0,113.0,106.0,0.0,0.0,113.3,23.9,
2026-03-25,Lunch,720.0,12.0,4.0,2.0,1.0,0.0,240.0,2430.0,314.0,106.0,50.5,8.0,86.0,0.0,0.0,13.0,22.7,
2026-03-26,Breakfast,1650.0,36.5,18.0,2.0,2.0,0.0,285.0,815.0,1383.0,226.0,16.0,113.0,106.0,0.0,0.0,113.3,23.9,
2026-03-26,Dinner,2069.2,128.1,29.5,36.0,15.0,4.5,111.3,2124.3,465.9,198.3,3.1,13.4,47.2,0.9,1.3,23.2,28.0,
2026-03-26,Lunch,240.0,3.0,0.5,0.0,0.0,0.0,35.0,910.0,230.0,58.0,32.0,5.0,23.0,0.0,0.0,4.0,12.2,
2026-03-27,Breakfast,1034.6,64.1,14.8,18.0,7.5,2.3,55.6,1062.2,233.0,99.2,1.6,6.7,23.6,0.4,0.7,11.6,14.0,
2026-03-27,Lunch,3392.1,138.9,32.1,37.4,18.9,4.5,183.5,2947.0,1558.4,419.0,40.4,150.7,61.8,3.4,58.6,36.2,41.3,
2026-03-28,Breakfast,1329.6,50.8,16.8,3.8,4.7,1.9,106.6,1571.6,769.1,186.2,22.8,43.6,58.3,3.0,23.6,25.0,34.9,
2026-03-28,Dinner,1246.8,50.4,1.9,2.1,3.1,0.0,126.6,836.2,858.2,124.8,10.0,52.6,77.1,0.6,23.6,1.5,4.9,
2026-03-28,Lunch,880.0,17.5,5.5,2.0,2.0,0.0,210.0,540.0,673.0,99.0,21.0,30.0,87.0,0.0,0.0,55.3,24.5,
2026-03-29,Breakfast,1479.0,43.2,14.8,6.0,10.1,0.0,210.0,1017.3,1388.2,163.9,28.5,69.0,115.1,0.0,23.6,63.5,47.6,
2026-03-29,Dinner,1700.0,65.0,25.0,0.0,0.0,0.0,125.0,4210.0,1060.0,210.0,9.0,34.0,72.0,0.0,0.0,100.0,77.8,
2026-03-30,Breakfast,804.5,26.9,5.7,5.9,10.1,0.0,70.0,317.3,791.5,100.1,20.5,29.4,44.2,0.0,0.0,22.7,27.6,
2026-03-30,Dinner,1079.7,55.8,3.8,3.0,5.6,0.0,142.4,717.8,428.0,64.3,8.0,0.2,82.2,0.6,0.0,2.8,5.9,
2026-03-30,Lunch,1900.0,71.0,25.0,0.0,0.0,0.0,135.0,4520.0,1060.0,245.0,9.0,34.0,74.0,0.0,0.0,100.0,77.8,
2026-03-30,Snacks,100.0,1.0,0.0,0.0,0.0,0.0,15.0,220.0,316.0,4.0,2.0,1.0,20.0,0.0,0.0,54.2,5.6,
2026-03-31,Breakfast,1270.0,42.0,25.0,0.0,0.0,0.0,50.0,980.0,1090.0,165.0,7.0,118.0,60.0,0.0,0.0,63.2,28.0,
2026-03-31,Dinner,130.0,0.0,0.0,0.0,0.0,0.0,0.0,400.0,130.0,34.0,0.0,34.0,0.0,0.0,0.0,0.0,0.0,
2026-03-31,Lunch,1179.7,57.3,4.3,3.5,5.6,0.0,192.4,1127.8,720.0,65.3,8.0,0.2,102.2,0.6,0.0,3.7,10.3,
2026-03-31,Snacks,1702.0,42.0,10.0,0.0,0.0,0.0,40.0,2676.0,310.0,134.0,33.0,21.0,62.0,0.0,0.0,30.0,46.7,
2026-04-01,Breakfast,1083.4,43.0,0.4,0.3,0.1,0.0,0.0,0.0,1154.0,135.4,6.0,55.9,31.6,0.0,70.8,1.8,0.0,
2026-04-01,Dinner,1660.0,48.0,14.5,3.0,2.0,0.0,300.0,2580.0,1411.0,192.0,57.5,39.0,150.0,0.0,0.0,82.3,54.3,
2026-04-01,Lunch,503.0,17.0,0.0,0.0,0.0,0.0,0.0,0.0,0.0,58.0,8.0,0.0,33.0,0.0,0.0,0.0,0.0,
2026-04-01,Snacks,130.0,0.0,0.0,0.0,0.0,0.0,0.0,400.0,130.0,34.0,0.0,34.0,0.0,0.0,0.0,0.0,0.0,
2026-04-02,Breakfast,938.9,34.7,17.3,1.2,1.1,0.0,135.0,2020.0,1196.4,128.6,45.0,43.3,62.7,0.0,47.2,100.3,11.1,
2026-04-02,Dinner,1664.5,38.9,9.7,7.9,12.1,0.0,210.0,747.3,1893.5,230.1,30.5,103.4,104.2,0.0,0.0,56.9,45.4,
2026-04-02,Lunch,613.9,17.7,7.3,0.2,0.1,0.0,35.0,640.0,1159.4,96.6,9.0,41.3,16.7,0.0,47.2,28.2,7.8,
2026-04-03,Breakfast,1053.3,43.9,22.5,3.5,11.3,1.1,455.0,1070.9,672.3,111.7,2.5,70.2,54.1,32.1,2.3,107.9,26.4,
2026-04-03,Dinner,1870.3,82.9,21.4,7.4,9.4,3.8,213.3,2463.3,468.8,256.8,33.6,15.9,74.9,6.0,0.0,36.8,30.0,
2026-04-03,Snacks,1030.0,0.0,0.0,0.0,0.0,0.0,0.0,800.0,260.0,68.0,0.0,68.0,0.0,0.0,0.0,0.0,0.0,
2026-04-04,Breakfast,2770.1,147.5,43.7,3.7,4.7,1.9,421.6,4621.6,414.4,265.4,25.8,23.0,116.4,3.0,0.0,18.4,14.9,
2026-04-04,Lunch,1320.0,26.0,8.0,4.0,4.0,0.0,280.0,720.0,1004.0,156.0,30.0,32.0,122.0,0.0,0.0,72.4,42.3,
2026-04-04,Snacks,160.0,0.0,0.0,0.0,0.0,0.0,0.0,480.0,160.0,42.0,0.0,42.0,0.0,0.0,0.0,0.0,0.0,
2026-04-05,Breakfast,1370.0,26.0,8.0,4.0,4.0,0.0,280.0,780.0,1364.0,166.0,34.0,36.0,124.0,0.0,0.0,72.4,42.3,
2026-04-05,Lunch,2550.3,143.0,40.0,0.0,0.0,0.0,315.0,3700.0,0.0,224.0,8.0,34.0,88.6,0.0,0.0,0.0,10.0,
2026-04-05,Snacks,200.0,0.0,0.0,0.0,0.0,0.0,0.0,625.0,0.0,52.5,0.0,52.5,0.0,0.0,0.0,0.0,0.0,
2026-04-06,Dinner,1867.2,48.2,11.6,6.0,8.1,0.0,297.5,3788.6,1123.2,234.6,44.6,23.7,143.1,0.0,0.0,63.1,65.8,
2026-04-06,Lunch,1570.0,39.5,16.0,0.0,0.0,0.0,162.5,3425.0,1010.0,254.0,22.8,109.0,63.5,0.0,0.0,71.0,31.5,
2026-04-06,Snacks,254.5,2.8,0.1,0.1,0.0,0.0,0.0,0.0,384.7,40.8,2.0,18.6,17.9,0.0,23.6,0.6,0.0,
2026-04-08,Breakfast,990.0,20.0,7.0,2.0,2.0,0.0,280.0,780.0,924.0,94.0,21.0,24.0,113.0,0.0,0.0,70.4,21.1,
2026-04-08,Dinner,510.0,12.0,7.5,0.0,0.0,0.0,45.0,165.0,510.0,87.0,0.0,57.0,12.0,0.0,0.0,36.0,1.7,
2026-04-08,Lunch,1340.0,76.0,26.0,0.0,0.0,0.0,205.0,2470.0,20.0,126.0,23.0,9.0,49.0,0.0,0.0,2.0,4.4,
2026-04-09,Breakfast,1370.0,26.0,8.0,4.0,4.0,0.0,280.0,780.0,1364.0,166.0,34.0,36.0,124.0,0.0,0.0,72.4,42.3,
2026-04-09,Lunch,1540.0,88.0,28.0,0.0,0.0,0.0,255.0,2920.0,238.0,129.0,25.0,9.0,71.0,0.0,0.0,3.2,6.1,
2026-04-09,Snacks,60.0,0.0,0.0,0.0,0.0,0.0,0.0,0.0,0.0,14.0,0.0,14.0,0.0,0.0,0.0,0.0,0.0,
2026-04-10,Breakfast,2250.0,23.5,8.0,4.0,4.0,0.0,215.0,1240.0,1601.0,415.0,32.0,49.0,99.0,0.0,0.0,56.1,59.0,
2026-04-10,Dinner,457.5,16.7,7.7,2.9,4.5,0.0,29.2,928.8,295.8,57.3,4.0,6.2,19.6,7.9,4.0,32.3,23.7,
2026-04-10,Lunch,360.0,17.0,7.0,0.0,0.0,0.0,35.0,610.0,210.0,38.0,3.0,2.0,14.0,0.0,0.0,27.0,7.8,
2026-04-12,Breakfast,1148.8,53.3,12.8,1.4,2.2,0.0,139.6,2784.4,207.9,149.7,52.0,15.1,61.8,4.0,2.0,22.2,25.2,
2026-04-12,Dinner,789.4,48.4,12.2,4.0,8.2,0.0,1180.0,867.2,1216.4,12.2,3.6,5.4,74.2,0.0,0.0,20.8,39.7,
2026-04-12,Lunch,360.0,14.0,4.0,4.0,4.0,0.0,160.0,1920.0,560.0,12.0,0.0,0.0,44.0,0.0,0.0,0.0,0.0,
2026-04-12,Snacks,280.0,0.0,0.0,0.0,0.0,0.0,0.0,17.0,0.0,70.0,0.0,13.0,2.0,0.0,0.0,2.0,4.0,
2026-04-13,Breakfast,120.0,1.5,0.0,0.0,0.0,0.0,0.0,420.0,30.0,42.0,24.0,3.0,6.0,0.0,0.0,3.0,6.7,
2026-04-13,Dinner,1483.3,61.5,11.0,0.0,0.0,0.0,1110.0,4263.3,1480.0,166.7,39.3,40.3,92.3,0.0,0.0,43.1,91.7,
2026-04-13,Lunch,1344.5,42.4,19.2,3.9,8.1,0.0,100.0,977.3,610.5,119.1,25.5,79.4,129.2,0.0,0.0,101.6,40.9,
2026-04-14,Breakfast,1205.0,47.5,17.5,0.0,0.0,0.0,555.0,2430.0,990.0,114.0,11.5,50.0,82.0,0.0,0.0,30.4,80.6,
2026-04-14,Dinner,860.0,17.0,10.0,0.0,0.0,0.0,100.0,500.0,280.0,81.0,20.0,59.0,102.0,0.0,0.0,94.0,17.8,
2026-04-14,Lunch,1374.6,92.4,36.9,17.6,15.5,0.0,98.1,2537.7,2141.0,77.2,12.9,4.2,57.0,0.0,11.1,68.7,63.8,
2026-04-14,Snacks,450.0,0.0,0.0,0.0,0.0,0.0,0.0,11.3,0.0,52.5,0.0,48.8,0.0,0.0,0.0,0.0,0.0,
2026-04-15,Breakfast,800.0,16.5,5.5,2.0,2.0,0.0,210.0,820.0,413.0,91.0,27.0,8.0,89.0,0.0,0.0,53.3,22.2,
2026-04-17,Breakfast,1185.0,24.0,8.0,4.0,4.0,0.0,280.0,750.0,904.0,125.0,22.0,10.0,121.0,0.0,0.0,68.4,35.6,
2026-04-17,Lunch,1840.0,86.0,28.0,0.0,0.0,0.0,220.0,2511.3,0.0,153.5,9.0,55.8,52.0,0.0,0.0,0.0,0.0,
2026-04-18,Breakfast,1520.0,34.0,14.0,4.0,4.0,0.0,280.0,1340.0,894.0,179.0,40.0,27.0,144.0,0.0,0.0,76.4,60.0,
2026-04-18,Dinner,880.0,31.5,0.0,0.0,0.0,0.0,0.0,70.0,740.0,118.0,6.0,70.0,34.5,0.0,0.0,0.0,0.0,
2026-04-18,Lunch,1483.7,89.2,29.0,0.5,1.3,0.0,227.9,2640.8,42.2,112.4,9.0,7.1,57.2,0.0,0.0,1.0,0.5,
2026-04-19,Breakfast,360.0,10.0,6.0,0.0,0.0,0.0,0.0,620.0,170.0,59.0,20.0,19.0,24.0,0.0,0.0,8.0,24.4,
2026-04-19,Dinner,2671.1,102.8,16.2,22.2,20.3,0.0,416.6,1801.1,1777.3,239.2,41.2,45.8,199.2,0.6,0.0,79.6,62.6,
2026-04-19,Lunch,1050.0,55.5,0.0,0.0,0.0,0.0,0.0,2300.0,0.0,83.0,2.0,0.0,62.5,0.0,0.0,0.0,0.0,
2026-04-20,Breakfast,400.0,15.5,1.7,0.0,0.0,0.0,100.0,1533.3,1633.3,19.3,2.0,1.7,44.8,0.0,0.0,0.0,0.0,
2026-04-20,Dinner,1209.5,43.8,26.1,2.1,0.0,0.0,590.0,1905.0,1178.7,144.3,23.0,41.1,53.4,0.0,23.6,20.9,33.2,
2026-04-20,Lunch,1378.9,27.2,14.8,0.2,0.1,0.0,285.0,840.0,2102.4,140.6,14.5,105.3,147.7,0.0,47.2,139.5,8.9,
2026-04-21,Breakfast,1578.9,20.2,10.8,0.2,0.1,0.0,235.0,1405.0,2062.4,188.6,13.5,145.3,161.7,0.0,47.2,138.5,25.6,
2026-04-21,Dinner,2137.9,85.5,10.7,20.5,24.6,0.1,65.5,2377.1,1326.5,200.5,14.7,17.3,69.2,1.4,24.6,13.7,29.8,
2026-04-22,Breakfast,2852.8,169.1,33.7,18.1,41.6,0.0,481.4,7167.4,1419.2,184.6,11.2,54.2,153.5,15.3,2.0,64.9,73.7,
2026-04-22,Dinner,1073.4,10.0,3.4,1.3,0.1,0.0,140.0,660.0,2126.0,198.4,22.0,143.9,58.6,0.0,70.8,42.0,8.9,
2026-04-23,Breakfast,1345.0,26.0,8.0,4.0,4.0,0.0,280.0,750.0,1217.0,161.0,33.0,34.0,124.0,0.0,0.0,75.5,47.9,
2026-04-23,Dinner,1800.3,81.9,21.4,8.4,9.4,3.8,213.3,2133.3,458.8,224.8,10.6,13.9,71.9,6.0,0.0,36.8,26.7,
2026-04-23,Lunch,680.0,42.0,9.0,0.0,0.0,0.0,125.0,1480.0,0.0,37.0,2.0,6.0,40.0,0.0,0.0,0.0,0.0,
2026-04-24,Breakfast,1345.0,26.0,8.0,4.0,4.0,0.0,280.0,750.0,1217.0,161.0,33.0,34.0,124.0,0.0,0.0,75.5,47.9,
2026-04-24,Dinner,490.0,1.0,0.0,1.0,0.0,0.0,0.0,230.0,30.0,36.0,9.0,2.0,5.0,0.0,0.0,4.0,5.6,
2026-04-24,Lunch,1710.3,80.9,21.4,7.4,9.4,3.8,213.3,1903.3,428.8,200.8,1.6,11.9,66.9,6.0,0.0,32.8,21.1,
2026-04-24,Snacks,554.4,2.8,0.8,1.1,0.8,0.0,0.0,6699.9,225.9,110.0,3.4,17.7,22.2,0.0,0.0,46.4,41.9,
2026-04-25,Breakfast,1167.0,41.9,12.0,13.6,11.3,0.0,108.0,5420.2,1102.3,124.7,8.4,26.8,74.3,0.0,4.1,33.0,50.1,
2026-04-25,Dinner,2680.0,93.0,76.5,0.0,0.0,0.0,100.0,1185.0,1480.0,326.0,20.0,282.0,121.0,0.0,0.0,94.0,17.8,
2026-04-26,Breakfast,1080.0,51.0,6.0,0.0,0.0,0.0,0.0,340.0,150.0,95.0,12.0,17.0,66.0,0.0,0.0,6.0,20.0,
2026-04-26,Dinner,2220.0,96.0,42.0,0.0,0.0,0.0,180.0,4500.0,0.0,240.0,6.0,18.0,90.0,0.0,0.0,120.0,90.0,
2026-04-26,Snacks,480.0,0.0,0.0,0.0,0.0,0.0,0.0,80.0,740.0,99.0,0.0,97.0,0.0,0.0,0.0,0.0,0.0,
2026-04-27,Breakfast,1568.9,27.7,18.3,0.2,0.1,0.0,25.0,635.0,2229.4,243.6,18.5,150.3,86.7,0.0,47.2,92.2,28.3,
2026-04-27,Lunch,1970.3,83.9,21.9,9.4,9.4,3.8,248.3,2713.3,678.8,250.8,19.6,16.9,91.9,6.0,0.0,40.8,35.5,
2026-04-28,Breakfast,1790.3,81.9,21.9,7.4,9.4,3.8,248.3,2253.3,618.8,202.8,1.6,12.9,81.9,6.0,0.0,32.8,24.4,
2026-04-28,Dinner,813.4,23.1,4.5,6.1,10.2,0.0,0.0,137.3,1389.9,132.7,18.5,52.7,19.9,0.0,47.2,4.8,24.2,
2026-04-28,Lunch,690.0,27.0,18.0,0.0,0.0,0.0,0.0,135.0,360.0,105.0,12.0,33.0,15.0,0.0,0.0,6.0,28.3,
2026-04-29,Breakfast,957.8,29.3,0.5,0.3,0.2,0.0,0.0,0.0,1538.7,149.1,8.0,74.6,25.5,0.0,94.4,2.4,0.0,
2026-04-29,Dinner,1538.8,64.0,28.2,5.9,26.7,0.0,355.7,1962.4,1526.0,113.5,0.3,19.6,126.7,21.9,3.0,49.1,31.9,
2026-04-29,Lunch,800.0,42.0,0.0,0.0,0.0,0.0,0.0,0.0,0.0,64.0,8.0,0.0,46.0,0.0,0.0,0.0,0.0,
2026-04-29,Snacks,408.0,0.0,0.0,0.0,0.0,0.0,0.0,0.0,0.0,37.5,0.0,0.0,3.9,0.0,0.0,0.0,0.0,
2026-04-30,Breakfast,250.0,5.5,1.0,1.0,1.0,0.0,40.0,1040.0,180.0,59.0,32.0,4.0,19.0,0.0,0.0,4.0,8.9,
2026-04-30,Dinner,2050.0,90.0,1.0,0.0,1.0,0.0,130.0,1830.0,806.0,225.0,64.0,18.0,134.0,0.0,0.0,6.0,17.3,
2026-04-30,Lunch,864.5,29.4,7.2,5.9,10.1,0.0,140.0,497.3,682.5,85.1,16.5,19.4,68.2,0.0,0.0,37.8,24.2,
2026-05-01,Breakfast,705.0,39.0,19.5,0.0,0.0,0.0,20.0,735.0,0.0,60.5,6.5,26.5,29.5,0.0,0.0,3.0,12.0,
2026-05-01,Dinner,2050.0,90.0,1.0,0.0,1.0,0.0,130.0,1830.0,806.0,225.0,64.0,18.0,134.0,0.0,0.0,6.0,17.3,
2026-05-01,Lunch,668.0,12.0,7.0,0.0,0.0,0.0,40.0,900.0,1100.0,104.0,4.0,47.0,39.0,40.0,154.0,80.0,4.0,
2026-05-02,Breakfast,2471.2,97.4,7.0,0.0,0.0,0.0,40.0,1180.0,1594.2,290.8,42.2,73.4,137.4,40.0,386.4,92.4,9.8,
2026-05-02,Dinner,280.0,9.0,6.0,0.0,0.0,0.0,0.0,340.0,150.0,31.0,4.0,17.0,20.0,0.0,0.0,6.0,20.0,
2026-05-04,Breakfast,1160.0,58.0,26.0,0.0,0.0,1.0,130.0,2220.0,0.0,114.0,10.0,14.0,56.0,40.0,8.0,100.0,30.0,
2026-05-04,Dinner,1101.6,57.2,20.3,3.3,10.3,0.0,243.2,2456.0,768.0,82.2,32.0,9.2,92.0,0.0,0.0,40.6,42.6,
2026-05-04,Lunch,1160.0,24.0,8.0,4.0,4.0,0.0,280.0,720.0,724.0,120.0,20.0,8.0,120.0,0.0,0.0,68.4,35.6,
2026-05-05,Breakfast,1752.2,71.1,31.5,0.0,0.0,0.0,481.3,2131.3,1230.0,152.0,16.5,99.0,136.3,0.0,0.0,123.0,33.0,
2026-05-05,Lunch,912.2,45.1,18.0,0.0,0.0,0.0,421.3,1301.3,0.0,22.0,5.0,3.0,104.3,0.0,0.0,41.0,6.0,
2026-05-05,Snacks,228.0,0.0,0.0,0.0,0.0,0.0,0.0,0.0,0.0,3.5,0.0,0.0,0.0,0.0,0.0,0.0,0.0,
2026-05-06,Breakfast,600.0,36.0,9.0,0.0,0.0,0.0,0.0,0.0,0.0,66.0,0.0,0.0,6.0,0.0,0.0,0.0,0.0,
2026-05-06,Dinner,1313.3,60.1,21.0,0.0,0.0,0.0,612.0,1572.0,0.0,42.0,10.0,6.0,152.5,0.0,0.0,30.0,12.0,
2026-05-06,Lunch,2040.0,56.0,26.0,4.0,4.0,0.0,360.0,1400.0,2364.0,240.0,22.0,128.0,152.0,0.0,0.0,172.4,55.6,
2026-05-07,Breakfast,1261.1,35.7,11.6,0.7,0.7,0.0,480.7,1315.7,429.0,85.0,17.0,29.0,159.5,0.0,0.0,85.4,20.4,
2026-05-07,Dinner,1548.0,74.2,4.0,0.0,0.0,0.0,90.0,1710.0,0.0,115.2,12.0,0.0,110.7,0.0,0.0,0.0,0.0,
2026-05-07,Lunch,280.0,18.0,6.0,2.0,8.0,0.0,860.0,260.0,240.0,4.0,0.0,0.0,24.0,24.0,0.0,8.0,16.0,
2026-05-09,Breakfast,1034.3,13.9,4.9,2.2,2.1,0.0,164.2,526.7,1275.9,160.6,18.5,50.3,71.7,0.0,255.9,51.1,22.1,
2026-05-09,Dinner,2001.1,114.0,42.0,0.0,0.0,0.0,435.7,3330.7,0.0,124.0,14.0,10.0,121.2,12.0,0.0,71.0,18.0,
2026-05-09,Lunch,498.0,7.0,3.3,0.0,0.0,0.0,10.0,485.0,205.0,93.0,2.3,38.0,17.0,0.0,154.0,13.0,2.5,
2026-05-10,Breakfast,760.0,32.0,16.0,2.0,6.0,0.0,150.0,1380.0,40.0,88.0,4.0,30.0,30.0,16.0,0.0,40.0,48.0,
2026-05-10,Dinner,720.0,28.0,10.0,0.0,0.0,0.0,40.0,1520.0,0.0,92.0,4.0,8.0,26.0,8.0,0.0,30.0,8.0,
2026-05-10,Lunch,1797.2,63.0,21.8,7.7,8.1,0.0,370.7,1820.2,855.3,110.3,18.0,7.4,131.0,6.0,14.7,91.4,33.1,
2026-05-11,Breakfast,1461.6,36.2,14.0,4.0,4.0,0.0,290.0,740.0,1001.1,167.4,23.1,34.2,123.2,0.0,116.2,73.6,44.3,
2026-05-11,Dinner,720.0,28.0,10.0,0.0,0.0,0.0,40.0,1520.0,0.0,92.0,4.0,8.0,26.0,8.0,0.0,30.0,8.0,
2026-05-11,Lunch,853.2,42.4,16.7,5.0,0.5,0.0,265.7,1479.1,275.5,34.8,13.2,4.3,86.7,6.0,0.5,69.2,24.1,
2026-05-12,Breakfast,340.0,10.0,6.0,0.0,0.0,0.0,20.0,265.0,455.0,52.0,1.5,38.0,10.0,0.0,0.0,32.1,32.8,
2026-05-12,Dinner,933.1,18.4,3.4,0.0,0.0,0.0,0.0,1276.1,357.1,113.7,8.0,13.7,61.2,6.0,7.8,20.1,4.1,
2026-05-12,Lunch,680.0,20.0,12.0,0.0,0.0,0.0,40.0,530.0,910.0,104.0,3.0,76.0,20.0,0.0,0.0,64.2,65.6,
2026-05-12,Snacks,194.0,0.0,0.0,0.0,0.0,0.0,0.0,0.0,0.0,0.0,0.0,0.0,0.0,0.0,0.0,0.0,0.0,
2026-05-13,Breakfast,2173.3,53.7,26.5,2.0,2.0,0.0,408.3,1733.3,2174.0,272.0,14.3,134.3,158.7,0.0,0.0,184.1,43.4,
2026-05-13,Dinner,143.6,8.6,1.2,2.7,4.3,0.0,0.0,307.4,180.7,15.1,1.5,0.3,1.3,0.0,4.9,1.0,1.6,
2026-05-13,Lunch,1866.2,36.8,6.9,0.0,0.0,0.0,0.0,2552.3,714.2,227.4,16.1,27.5,122.5,11.9,15.7,40.2,8.2,
2026-05-16,Breakfast,664.5,28.4,10.7,3.9,8.1,0.0,20.0,497.3,680.5,81.1,4.0,49.4,19.2,0.0,0.0,39.8,63.7,
2026-05-16,Dinner,1619.4,42.9,6.5,1.4,1.4,0.0,380.0,3871.5,293.7,188.9,16.7,37.0,120.0,0.0,6.8,6.7,36.6,
2026-05-16,Lunch,1658.9,68.2,9.2,9.6,7.1,0.0,0.0,2197.5,194.9,138.6,2.3,51.5,57.8,0.0,0.0,2.4,35.3,
2026-05-17,Breakfast,664.5,28.4,10.7,3.9,8.1,0.0,20.0,497.3,680.5,81.1,4.0,49.4,19.2,0.0,0.0,39.8,63.7,
2026-05-17,Dinner,1694.5,50.9,14.8,1.5,1.2,0.4,241.6,2799.8,1856.2,242.9,17.3,46.5,39.7,3.3,43.4,10.0,56.9,
2026-05-17,Lunch,1270.6,35.9,10.3,1.0,0.9,0.0,278.3,2654.4,195.8,126.8,8.8,22.6,85.9,6.0,4.5,28.1,20.4,
2026-05-18,Breakfast,794.0,62.5,23.4,7.1,26.6,0.7,549.3,1200.7,499.5,28.9,1.6,3.9,30.2,55.0,0.0,18.3,24.9,
2026-05-18,Lunch,2079.6,83.9,34.3,1.0,0.9,0.0,323.3,3994.4,387.8,240.6,13.8,94.6,101.4,12.0,4.5,61.1,44.4,
2026-05-19,Breakfast,990.0,39.5,19.0,0.0,0.0,0.0,80.0,1210.0,734.0,129.0,3.5,89.0,39.0,0.0,0.0,422.0,23.0,
2026-05-19,Dinner,835.0,21.6,7.8,0.0,0.0,0.0,21.6,1361.4,506.3,86.5,11.0,11.6,55.6,2.8,4.1,33.9,8.0,
2026-05-19,Lunch,1376.9,28.0,10.0,0.0,0.0,0.0,40.0,1537.6,560.1,127.9,4.0,10.7,27.3,8.2,0.0,33.5,19.3,
2026-05-20,Breakfast,2162.6,53.3,11.9,17.1,16.7,0.0,180.0,820.7,2315.0,285.8,44.3,38.6,151.7,0.3,20.8,1592.6,72.5,
2026-05-20,Dinner,282.0,0.0,0.0,0.0,0.0,0.0,0.0,0.0,0.0,24.4,0.0,0.0,1.0,0.0,0.0,0.0,0.0,
2026-05-20,Lunch,1669.9,43.1,15.5,0.0,0.0,0.0,43.2,2722.9,1012.7,173.0,22.1,23.2,111.2,5.7,8.1,67.9,15.9,
2026-05-21,Breakfast,1562.6,41.3,9.9,13.1,12.7,0.0,180.0,820.7,1715.0,173.8,28.3,38.6,131.7,0.3,20.8,1584.6,43.6,
2026-05-21,Dinner,835.0,21.6,7.8,0.0,0.0,0.0,21.6,1361.4,506.3,86.5,11.0,11.6,55.6,2.8,4.1,33.9,8.0,
2026-05-21,Lunch,1170.0,59.0,25.5,0.0,0.0,0.0,0.0,1380.0,56.0,150.0,4.0,61.0,13.0,0.0,0.0,0.0,0.0,
2026-05-21,Snacks,571.5,0.0,0.0,0.0,0.0,0.0,0.0,0.0,0.0,24.4,0.0,0.0,1.0,0.0,0.0,0.0,0.0,
2026-05-22,Breakfast,650.0,20.5,12.0,0.0,0.0,0.0,100.0,800.0,1824.0,51.0,1.0,49.0,62.0,0.0,0.0,199.9,5.6,
2026-05-22,Lunch,2732.7,156.6,44.8,51.1,33.9,0.0,541.0,6005.0,1864.3,152.0,9.9,22.3,171.5,21.5,10.0,87.6,76.4,
2026-05-22,Snacks,624.5,0.0,0.0,0.0,0.0,0.0,0.0,0.0,0.0,12.2,0.0,0.0,0.5,0.0,0.0,0.0,0.0,
2026-05-23,Breakfast,1449.3,48.3,18.4,9.7,9.3,0.0,170.0,1000.7,2911.0,152.0,17.3,104.6,97.5,0.3,56.2,928.5,18.3,
2026-05-23,Dinner,1393.6,65.3,9.6,3.9,6.0,0.0,97.5,1251.9,467.6,121.3,12.0,6.2,83.7,8.2,4.0,32.8,26.1,
2026-05-23,Lunch,1019.6,27.9,4.3,1.0,0.9,0.0,253.3,2474.4,195.8,112.6,7.8,22.6,77.4,0.0,4.5,3.1,20.4,
2026-05-24,Breakfast,628.8,18.1,7.0,2.6,3.8,0.0,87.9,892.5,1089.1,82.3,6.0,40.4,32.6,4.3,49.2,17.9,14.3,
2026-05-24,Lunch,1780.0,88.0,22.0,2.0,8.0,0.0,900.0,5740.0,3060.0,144.0,34.0,14.0,98.0,32.0,0.0,100.4,114.0,
2026-05-24,Snacks,175.0,0.0,0.0,0.0,0.0,0.0,0.0,270.0,80.0,44.0,1.0,41.0,0.0,0.0,100.0,0.0,0.0,
2026-05-25,Breakfast,190.0,16.0,2.5,3.0,8.0,0.0,0.0,140.0,188.0,7.0,3.0,2.0,8.0,0.0,0.0,0.0,2.0,
2026-05-25,Dinner,429.0,8.0,1.3,1.5,4.0,0.0,0.0,78.5,94.0,38.5,1.5,7.5,5.0,0.0,0.0,1.0,3.0,
2026-05-25,Lunch,2274.9,80.2,24.8,11.4,26.2,0.0,260.0,1620.0,3986.4,222.5,24.6,126.2,168.7,0.3,67.5,1693.0,26.6,
2026-05-26,Breakfast,2101.4,86.2,23.4,12.4,32.1,0.0,240.0,1630.0,3818.5,179.3,19.8,127.4,159.1,0.2,80.9,1660.2,9.4,
2026-05-26,Lunch,2020.0,84.6,20.8,0.0,0.0,0.0,171.6,3781.4,506.3,198.5,18.0,22.6,97.6,2.8,4.1,33.9,8.0,
2026-05-27,Breakfast,1673.9,51.7,20.1,4.7,12.1,0.0,260.0,1410.0,3438.4,155.1,15.5,120.3,146.7,0.0,47.2,1694.3,7.6,
2026-05-27,Lunch,627.2,5.1,0.5,0.0,0.0,0.0,65.8,979.5,345.0,91.4,8.7,9.3,37.1,0.0,0.0,7.8,11.6,
2026-05-28,Breakfast,1318.9,33.7,12.8,3.2,8.1,0.0,220.0,1080.0,2592.4,127.6,14.0,95.3,126.7,0.0,47.2,1629.3,6.6,
2026-05-28,Dinner,250.0,11.5,6.0,0.0,0.0,0.0,20.0,600.0,50.0,25.0,0.5,0.0,10.0,0.0,0.0,24.5,8.3,
2026-05-28,Lunch,777.2,8.6,0.5,0.0,0.0,0.0,65.8,1199.5,395.0,115.4,9.2,9.3,41.1,0.0,0.0,12.8,19.9,
2026-05-28,Snacks,141.0,0.0,0.0,0.0,0.0,0.0,0.0,0.0,0.0,12.2,0.0,0.0,0.5,0.0,0.0,0.0,0.0,
2026-05-29,Breakfast,380.0,7.5,1.5,0.0,0.0,0.0,35.0,620.0,520.0,30.0,2.5,2.0,49.0,0.0,0.0,123.0,25.5,
2026-05-29,Lunch,2033.0,118.3,11.8,19.9,16.6,0.1,170.5,2959.2,1073.0,167.8,23.9,18.9,140.7,119.8,24.0,32.4,44.2,
2026-05-29,Snacks,754.8,0.2,0.0,0.0,0.0,0.0,0.0,446.8,129.0,108.7,1.0,103.7,0.2,0.0,107.5,0.2,1.6,
2026-05-30,Breakfast,565.0,19.0,7.3,1.5,4.0,0.0,40.0,720.0,986.0,77.5,4.5,41.0,24.0,0.0,0.0,65.0,31.0,
2026-05-30,Dinner,777.2,8.6,0.5,0.0,0.0,0.0,65.8,1199.5,395.0,115.4,9.2,9.3,41.1,0.0,0.0,12.8,19.9,
2026-05-30,Lunch,742.5,23.0,7.4,3.3,7.0,0.0,110.0,575.0,1108.5,65.8,9.8,29.5,69.5,0.0,0.0,814.0,12.7,
2026-05-30,Snacks,1502.0,70.0,2.0,0.0,0.0,0.0,0.0,290.4,0.4,175.5,4.0,65.0,19.8,0.0,0.0,6.0,0.0,
2026-05-31,Breakfast,1245.0,26.0,9.8,2.5,5.0,0.0,130.0,1450.0,1717.5,176.0,15.0,73.0,83.5,0.0,0.0,846.5,72.2,
2026-05-31,Dinner,720.0,41.0,22.0,0.0,0.0,0.0,95.0,1510.0,0.0,39.0,1.0,4.0,50.0,10.0,0.0,50.0,60.0,
2026-05-31,Snacks,949.9,31.6,16.6,2.9,9.6,0.0,88.5,1559.2,643.7,86.8,6.5,34.1,36.2,32.0,223.7,70.9,25.3,
2026-06-01,Breakfast,1657.6,43.6,18.9,3.5,8.3,0.0,260.0,1340.9,3472.8,170.2,11.8,136.7,143.5,0.3,180.7,1693.5,6.4,
2026-06-01,Dinner,140.0,0.0,0.0,0.0,0.0,0.0,0.0,270.0,80.0,36.0,0.0,34.0,0.0,0.0,0.0,0.0,0.0,
2026-06-01,Lunch,777.2,8.6,0.5,0.0,0.0,0.0,65.8,1199.5,395.0,115.4,9.2,9.3,41.1,0.0,0.0,12.8,19.9,
2026-06-02,Breakfast,721.0,18.0,8.5,2.2,2.1,0.0,50.0,325.0,1369.0,105.9,11.6,44.9,31.0,0.3,20.3,83.1,20.6,
2026-06-02,Dinner,1038.9,30.7,10.8,3.2,8.1,0.0,130.0,740.0,2232.4,115.6,14.0,85.3,76.7,0.0,47.2,849.3,6.6,
2026-06-02,Lunch,777.2,8.6,0.5,0.0,0.0,0.0,65.8,1199.5,395.0,115.4,9.2,9.3,41.1,0.0,0.0,12.8,19.9,
2026-06-02,Snacks,382.0,13.0,9.0,0.0,0.0,0.0,25.0,160.0,94.0,32.0,10.0,9.0,20.0,0.0,100.0,13.0,6.0,
2026-06-03,Breakfast,575.0,13.5,5.5,2.0,2.0,0.0,30.0,195.0,1027.0,91.0,15.0,30.0,23.0,0.0,0.0,51.9,22.4,
2026-06-03,Dinner,1813.8,61.3,26.5,9.1,15.7,0.0,197.1,2939.4,2266.5,208.1,17.2,64.6,106.7,21.2,35.9,522.5,64.5,
2026-06-03,Lunch,777.2,8.6,0.5,0.0,0.0,0.0,65.8,1199.5,395.0,115.4,9.2,9.3,41.1,0.0,0.0,12.8,19.9,
2026-06-03,Snacks,270.0,13.0,9.0,0.0,0.0,0.0,20.0,180.0,94.0,23.0,8.0,2.0,20.0,0.0,0.0,13.0,6.0,
2026-06-04,Dinner,1813.8,61.3,26.5,9.1,15.7,0.0,197.1,2939.4,2266.5,208.1,17.2,64.6,106.7,21.2,35.9,522.5,64.5,
2026-06-04,Lunch,464.3,7.8,4.5,0.1,0.0,0.0,95.0,610.0,712.4,61.7,4.4,34.0,36.7,0.2,13.6,48.7,33.9,
2026-06-04,Snacks,445.0,13.0,9.0,0.0,0.0,0.0,25.0,430.0,174.0,66.0,8.0,43.0,20.0,0.0,100.0,13.0,4.0,
2026-06-05,Breakfast,725.0,17.0,5.5,2.0,2.0,0.0,30.0,415.0,1077.0,115.0,15.5,30.0,27.0,0.0,0.0,56.9,30.7,
2026-06-05,Dinner,674.9,21.5,8.7,3.7,5.8,0.0,161.5,1414.8,780.5,57.3,4.0,6.2,60.4,8.7,4.0,33.2,27.1,
2026-06-05,Lunch,999.3,40.6,21.3,4.9,7.6,0.0,173.1,2327.7,807.3,87.5,5.9,9.2,69.0,12.5,6.0,78.5,38.1,
2026-06-05,Snacks,313.0,0.0,0.0,0.0,0.0,0.0,0.0,25.0,0.0,37.2,10.0,9.0,0.5,0.0,100.0,0.0,0.0,
2026-06-06,Breakfast,844.9,15.2,9.3,0.4,0.2,0.0,190.0,700.0,1930.4,103.5,7.6,78.2,68.7,0.3,67.5,98.0,6.8,
2026-06-06,Dinner,1138.1,36.0,10.0,0.0,0.0,0.0,55.0,1271.7,3.4,78.0,5.0,4.0,29.0,8.0,4.0,10.0,36.4,
2026-06-06,Lunch,985.0,25.1,7.8,0.0,0.0,0.0,21.6,1581.4,556.3,110.5,11.5,11.6,59.6,2.8,4.1,38.9,16.3,
2026-06-06,Snacks,530.0,22.0,0.0,0.0,0.0,0.0,0.0,0.0,0.0,34.0,0.0,0.0,49.0,0.0,0.0,0.0,0.0,
2026-06-07,Breakfast,764.9,23.5,9.2,3.7,5.8,0.0,161.5,1519.8,780.5,74.3,4.0,14.2,61.4,12.7,4.0,33.2,29.1,
2026-06-07,Dinner,1050.5,19.8,9.1,2.3,2.1,0.0,130.0,600.0,1925.7,140.7,13.6,67.5,77.9,0.3,43.9,851.4,17.2,
2026-06-07,Lunch,500.0,0.0,0.0,0.0,0.0,0.0,0.0,100.0,150.0,120.0,0.0,120.0,0.0,0.0,0.0,0.0,0.0,
2026-06-07,Snacks,805.0,42.0,7.0,0.0,0.0,0.0,35.0,1050.0,0.0,84.0,3.5,3.5,28.0,14.0,7.0,14.0,52.5,
2026-06-08,Breakfast,786.0,17.5,8.5,2.2,2.1,0.0,115.0,480.0,1321.0,101.9,11.6,39.9,52.0,0.3,20.3,81.8,22.6,
2026-06-08,Dinner,1663.8,62.8,16.0,9.5,24.3,0.0,130.0,1020.0,3343.7,186.0,20.6,129.5,94.5,0.3,114.7,849.2,8.8,
2026-06-08,Lunch,835.0,21.6,7.8,0.0,0.0,0.0,21.6,1361.4,506.3,86.5,11.0,11.6,55.6,2.8,4.1,33.9,8.0,
2026-06-09,Breakfast,570.0,23.5,4.5,3.0,8.0,0.0,50.0,910.0,678.0,46.0,8.5,10.0,48.0,0.0,0.0,26.0,10.9,
2026-06-09,Dinner,1403.8,52.8,10.0,9.5,24.3,0.0,90.0,760.0,2591.7,162.0,20.6,105.5,78.5,0.3,114.7,784.2,8.8,
2026-06-09,Lunch,835.0,21.6,7.8,0.0,0.0,0.0,21.6,1361.4,506.3,86.5,11.0,11.6,55.6,2.8,4.1,33.9,8.0,
2026-06-10,Breakfast,774.5,9.3,3.1,2.1,2.0,0.0,90.0,340.0,1207.7,111.8,17.0,40.6,61.9,0.0,23.6,783.7,22.4,
2026-06-10,Dinner,420.0,22.0,0.0,0.0,0.0,0.0,0.0,0.0,0.0,54.0,2.0,32.0,6.0,0.0,0.0,0.0,0.0,
2026-06-10,Lunch,1238.1,75.7,23.6,14.0,33.5,1.0,180.1,1545.5,787.4,64.9,4.3,9.3,52.0,29.0,34.4,11.6,30.4,
2026-06-10,Snacks,270.0,13.0,9.0,0.0,0.0,0.0,25.0,160.0,94.0,22.0,7.0,2.0,20.0,0.0,0.0,13.0,4.0,
2026-06-11,Breakfast,1444.7,66.6,23.0,5.1,2.6,0.0,91.8,1315.7,444.1,177.6,13.3,85.1,54.5,11.9,26.2,35.6,76.9,
2026-06-11,Dinner,1520.3,85.4,35.1,9.6,29.2,0.0,253.9,4137.1,1574.0,104.7,5.5,36.4,59.4,0.3,14.4,25.8,28.6,
2026-06-12,Breakfast,500.0,11.5,4.5,0.0,0.0,0.0,5.0,280.0,0.0,29.8,0.5,4.5,6.3,1.0,0.0,0.0,3.0,
2026-06-12,Lunch,564.9,31.3,8.5,7.2,12.4,0.0,189.0,176.4,491.4,6.6,0.2,0.0,60.0,3.7,0.0,3.6,16.1,
2026-06-20,Breakfast,470.0,5.0,3.0,0.0,0.0,0.0,150.0,830.0,420.0,54.0,3.0,18.0,54.0,0.0,0.0,30.0,34.0,
2026-06-20,Dinner,1826.2,1.5,0.5,0.5,0.5,0.0,30.0,1993.4,6.7,236.0,21.0,98.0,37.0,0.0,2.0,0.0,25.7,
2026-06-20,Lunch,1019.6,27.9,4.3,1.0,0.9,0.0,253.3,2474.4,195.8,112.6,7.8,22.6,77.4,0.0,4.5,3.1,20.4,
2026-06-21,Breakfast,230.0,4.0,2.5,0.0,0.0,0.0,25.0,150.0,0.0,18.0,0.5,12.0,30.0,0.0,0.0,34.0,2.2,
2026-06-21,Dinner,720.0,28.0,10.0,0.0,0.0,0.0,40.0,1520.0,0.0,92.0,4.0,8.0,26.0,8.0,0.0,30.0,8.0,
2026-06-21,Lunch,627.2,5.1,0.5,0.0,0.0,0.0,65.8,979.5,345.0,91.4,8.7,9.3,37.1,0.0,0.0,7.8,11.6,
2026-06-21,Snacks,300.0,0.0,0.0,0.0,0.0,0.0,0.0,15.0,0.0,75.0,0.0,69.0,0.0,0.0,0.0,0.0,0.0,
2026-06-22,Breakfast,990.0,20.0,9.5,0.0,0.0,0.0,205.0,1140.0,1252.0,104.0,4.0,57.0,97.0,0.0,0.0,860.0,14.0,
2026-06-22,Dinner,1027.8,24.4,4.5,0.0,0.0,0.0,285.7,2419.0,395.0,107.4,8.1,6.2,77.0,0.3,74.1,12.5,5.5,
2026-06-22,Lunch,960.0,28.0,10.0,0.0,0.0,0.0,40.0,2440.0,0.0,138.0,14.0,8.0,42.0,8.0,0.0,30.0,8.0,
2026-06-23,Breakfast,822.6,31.6,7.0,3.0,8.0,0.0,115.2,1236.3,695.7,87.8,7.7,27.1,44.7,0.1,24.7,36.7,9.8,
2026-06-23,Dinner,610.0,25.5,7.0,3.0,8.0,0.0,95.0,650.0,704.0,54.0,5.0,26.0,44.0,0.0,0.0,47.5,10.0,
2026-06-23,Lunch,777.2,8.6,0.5,0.0,0.0,0.0,65.8,1199.5,395.0,115.4,9.2,9.3,41.1,0.0,0.0,12.8,19.9,
2026-06-23,Snacks,141.0,0.0,0.0,0.0,0.0,0.0,0.0,0.0,0.0,12.2,0.0,0.0,0.5,0.0,0.0,0.0,0.0,
2026-06-24,Breakfast,808.9,36.2,21.3,1.2,8.0,1.5,128.8,346.0,537.3,109.7,1.9,87.2,12.5,0.0,2.7,34.6,1.4,
2026-06-24,Dinner,550.0,11.5,6.0,0.0,0.0,0.0,170.0,730.0,656.0,49.0,2.0,25.0,61.0,0.0,0.0,62.5,10.0,
2026-06-24,Lunch,685.2,16.3,3.0,0.0,0.0,0.0,190.5,1612.7,263.3,71.6,5.4,4.2,51.4,0.2,49.4,8.4,3.7,
2026-06-24,Snacks,282.0,0.0,0.0,0.0,0.0,0.0,0.0,0.0,0.0,24.4,0.0,0.0,1.0,0.0,0.0,0.0,0.0,
2026-06-25,Breakfast,550.0,11.5,6.0,0.0,0.0,0.0,170.0,730.0,656.0,49.0,2.0,25.0,61.0,0.0,0.0,62.5,10.0,
2026-06-25,Dinner,419.0,16.6,2.7,3.2,8.0,0.0,0.0,140.0,957.4,60.6,7.0,39.2,9.8,0.0,47.2,1.2,2.0,
2026-06-25,Lunch,1910.3,84.9,21.4,7.4,9.4,3.8,213.3,1903.3,428.8,239.8,1.6,11.9,67.9,6.0,0.0,32.8,21.1,
2026-06-25,Snacks,194.0,0.0,0.0,0.0,0.0,0.0,0.0,0.8,1.6,0.0,0.0,0.0,0.0,0.0,0.0,0.0,0.2,
2026-06-26,Breakfast,786.0,14.5,7.0,2.2,2.1,0.0,170.0,570.0,1085.0,91.9,11.6,28.9,69.0,0.3,20.3,64.3,24.6,
2026-06-26,Dinner,1160.8,46.3,17.1,8.3,12.8,0.0,307.0,2475.6,1130.8,86.0,5.9,9.2,95.8,13.0,6.0,50.3,45.3,
2026-06-26,Lunch,838.6,40.8,16.6,3.9,6.0,0.0,132.5,1986.9,467.6,57.3,4.0,6.2,58.7,8.2,4.0,32.8,26.1,
2026-06-26,Snacks,308.5,0.3,0.1,0.1,0.0,0.0,0.0,0.8,386.4,26.8,2.0,18.6,0.9,0.0,23.6,0.6,0.2,
2026-06-27,Breakfast,1220.1,31.4,15.4,4.4,5.5,0.0,189.4,1330.6,1640.9,146.3,14.6,45.2,84.2,6.2,23.3,116.6,41.8,
2026-06-27,Dinner,685.2,16.3,3.0,0.0,0.0,0.0,190.5,1612.7,263.3,71.6,5.4,4.2,51.4,0.2,49.4,8.4,3.7,
2026-06-27,Lunch,1029.3,37.5,17.4,6.6,10.2,0.0,65.7,2089.8,665.7,129.0,9.0,13.8,44.1,17.7,9.0,72.9,53.4,
2026-06-27,Snacks,126.0,4.8,4.8,0.0,0.0,0.0,0.0,102.0,0.0,20.4,0.0,14.4,0.6,0.0,0.0,0.0,0.0,
2026-06-28,Breakfast,343.1,12.5,5.8,2.2,3.4,0.0,21.9,696.6,221.9,43.0,3.0,4.6,14.7,5.9,3.0,24.3,17.8,
2026-06-28,Lunch,903.0,51.0,9.1,0.0,0.0,0.0,0.0,0.0,0.0,101.0,3.0,49.6,16.6,0.0,0.0,0.0,0.0,
2026-06-28,Snacks,1521.4,51.9,15.0,1.1,13.8,0.0,76.1,1908.9,711.6,59.9,6.0,2.4,50.3,0.0,0.0,7.7,25.0,
2026-06-29,Breakfast,926.8,30.1,16.4,4.4,6.7,0.0,43.9,1495.2,828.5,133.2,7.9,42.2,30.9,11.9,29.6,49.1,35.6,
2026-06-29,Dinner,150.0,3.5,0.0,0.0,0.0,0.0,0.0,220.0,50.0,24.0,0.5,0.0,4.0,0.0,0.0,5.0,8.3,
2026-06-29,Lunch,1090.0,36.0,12.5,5.0,10.0,0.0,190.0,840.0,1683.0,108.0,18.0,40.0,85.0,0.0,0.0,98.1,28.4,
2026-06-30,Breakfast,916.0,19.5,10.0,2.2,2.1,0.0,190.0,700.0,1461.0,103.9,11.6,40.9,77.0,0.3,20.3,96.8,24.6,
2026-06-30,Dinner,1198.9,32.2,11.8,0.2,0.1,0.0,40.0,1830.0,899.4,192.6,11.0,48.3,34.7,8.0,49.2,37.2,23.0,
2026-06-30,Lunch,685.2,16.3,3.0,0.0,0.0,0.0,190.5,1612.7,263.3,71.6,5.4,4.2,51.4,0.2,49.4,8.4,3.7,
2026-06-30,Snacks,194.0,0.0,0.0,0.0,0.0,0.0,0.0,0.8,1.7,0.0,0.0,0.0,0.0,0.0,0.0,0.0,0.2,
2026-07-01,Breakfast,440.0,19.5,4.0,3.0,8.0,0.0,0.0,450.0,318.0,54.0,6.0,5.0,15.0,0.0,2.0,6.0,17.0,
2026-07-01,Dinner,905.9,33.8,9.9,0.4,2.6,0.0,158.8,516.1,472.6,94.5,5.5,9.9,54.3,32.0,142.9,22.5,37.2,
2026-07-01,Lunch,905.9,33.8,9.9,0.4,2.6,0.0,158.8,516.1,472.6,94.5,5.5,9.9,54.3,32.0,142.9,22.5,37.2,
2026-07-01,Snacks,388.1,0.0,0.0,0.0,0.0,0.0,0.0,1.7,3.4,0.0,0.0,0.0,0.0,0.0,0.0,0.0,0.4,
2026-07-02,Breakfast,600.0,15.0,9.0,0.0,0.0,0.0,190.0,700.0,1195.0,47.0,7.0,38.0,67.0,0.0,0.0,98.1,8.6,
2026-07-02,Dinner,1030.9,35.6,10.7,0.4,2.6,0.0,158.8,671.1,537.6,118.0,7.0,11.4,57.8,32.0,143.9,25.5,44.7,
2026-07-02,Lunch,720.0,28.0,10.0,0.0,0.0,0.0,40.0,1520.0,0.0,92.0,4.0,8.0,26.0,8.0,0.0,30.0,8.0,
2026-07-03,Breakfast,1096.0,34.8,11.3,0.2,0.1,0.0,200.0,920.0,1414.0,115.4,5.1,48.4,76.5,0.3,21.3,116.1,14.3,
2026-07-03,Dinner,1179.6,40.3,9.3,0.2,0.1,0.0,92.5,1564.8,436.5,171.8,7.8,95.6,37.7,20.3,15.7,3.0,8.0,
2026-07-03,Lunch,655.9,30.3,8.4,0.4,2.6,0.0,158.8,206.1,342.6,47.5,2.5,6.9,47.3,32.0,140.9,16.5,22.2,
2026-07-03,Snacks,150.0,3.5,0.0,0.0,0.0,0.0,0.0,220.0,50.0,24.0,0.5,0.0,4.0,0.0,0.0,5.0,8.3,
2026-07-04,Breakfast,870.3,57.0,9.6,11.4,12.2,0.0,130.0,999.0,986.6,52.6,4.1,0.8,35.7,0.0,29.5,2.5,6.7,
2026-07-04,Dinner,1082.1,36.3,11.7,1.3,3.3,0.0,308.8,646.1,811.9,84.6,7.6,19.4,101.3,32.2,155.1,47.8,34.1,
2026-07-04,Lunch,150.0,3.5,0.0,0.0,0.0,0.0,0.0,220.0,50.0,24.0,0.5,0.0,4.0,0.0,0.0,5.0,8.3,
2026-07-04,Snacks,269.0,4.8,4.8,0.0,0.0,0.0,0.0,122.0,90.0,34.1,0.0,14.4,1.7,0.0,0.0,0.0,0.0,
2026-07-05,Breakfast,280.0,5.5,1.5,0.0,0.0,0.0,75.0,440.0,190.0,26.0,0.5,1.0,29.0,0.0,0.0,20.0,10.3,
2026-07-05,Dinner,980.0,40.5,13.0,0.0,0.0,0.0,0.0,3540.0,1460.0,96.0,25.5,3.0,56.0,0.0,0.0,36.2,53.3,
2026-07-05,Lunch,1060.0,46.0,13.0,0.0,0.0,0.0,40.0,2160.0,0.0,102.0,10.0,12.0,60.0,8.0,0.0,46.0,38.0,
2026-07-06,Breakfast,1010.0,53.0,23.3,1.0,4.0,0.0,430.0,2702.5,875.0,70.6,14.3,1.5,60.5,12.0,0.0,24.6,38.8,
2026-07-06,Dinner,870.0,44.0,20.3,0.0,0.0,0.0,0.0,2572.5,755.0,68.6,14.3,1.5,48.5,0.0,0.0,20.6,30.8,
2026-07-06,Lunch,860.0,37.0,13.0,1.0,4.0,0.0,470.0,1650.0,120.0,94.0,4.0,8.0,38.0,20.0,0.0,34.0,16.0,
2026-07-06,Snacks,267.0,4.8,4.8,0.0,0.0,0.0,0.0,102.0,0.0,32.6,0.0,14.4,1.1,0.0,0.0,0.0,0.0,
